time_bucket,as_collateral_tx_count,as_debt_tx_count,liquidation_tx_count,unique_liquidated_users,unique_liquidators,liquidated_collateral_value_usd,liquidated_collateral_value_eth,liquidation_debt_covered_value_usd,liquidation_debt_covered_value_eth
2025-04-01 00:00:00.000 UTC,6,6,12,12,12,83457.13917558301,44.521713126791475,79215.71182632571,42.262463076257454
2025-04-02 00:00:00.000 UTC,27,27,54,51,41,933136.5389787264,501.70240045698495,907043.3671373249,487.46671403909886
2025-04-03 00:00:00.000 UTC,74,74,148,147,55,1239253.364366173,695.940476587922,1164971.9120343493,654.2396827123094
2025-04-04 00:00:00.000 UTC,12,12,24,23,17,18543.8602673799,10.335572280030819,17143.93878525979,9.555658860700808
2025-04-05 00:00:00.000 UTC,4,4,8,8,8,132.97715402450362,0.07430627360058766,126.73301681415464,0.07081691471866462
2025-04-06 00:00:00.000 UTC,1059,1059,2118,2087,401,45410545.20511867,27618.565484934028,43011624.03996829,26162.28559946525
2025-04-07 00:00:00.000 UTC,904,904,1808,1752,292,47465110.05690096,31916.6354265402,44687568.1662392,30059.38193456976
2025-04-08 00:00:00.000 UTC,31,31,62,62,42,42235.857882885095,27.982700073767173,39950.057401165934,26.473826239637795
2025-04-09 00:00:00.000 UTC,195,195,390,383,95,1943256.738791666,1338.19657891481,1798063.0077810397,1238.4368346185452
2025-04-10 00:00:00.000 UTC,12,12,24,24,23,42433.25882652306,27.496043128033698,40139.25871067769,26.01303604339538
2025-04-11 00:00:00.000 UTC,4,4,8,8,8,2769.2440657786815,1.7914510936682448,2587.05724662729,1.6735155195762845
2025-04-12 00:00:00.000 UTC,2,2,4,3,3,7641.751720478241,4.791817294796289,7344.22267512819,4.605251277553135
2025-04-13 00:00:00.000 UTC,2,2,4,4,4,112.59070811888765,0.06885015178706234,106.8965585781256,0.06536938763128222
2025-04-14 00:00:00.000 UTC,0,0,0,0,0,0.0,0.0,0.0,0.0
2025-04-15 00:00:00.000 UTC,2,2,4,4,4,20.68140682736822,0.012752747440138807,19.423602749016673,0.011979445741350868
2025-04-16 00:00:00.000 UTC,40,40,80,77,32,641391.4709197312,403.40455510033405,603331.2101830175,379.4671364095375
2025-04-17 00:00:00.000 UTC,6,6,12,11,10,185.5208094949163,0.11721368889435221,177.03778497611864,0.11185476768279676
2025-04-18 00:00:00.000 UTC,4,4,8,8,7,182758.08262231646,114.6513203097411,175152.39229896676,109.88026075158066
2025-04-19 00:00:00.000 UTC,0,0,0,0,0,0.0,0.0,0.0,0.0
2025-04-20 00:00:00.000 UTC,6,6,12,12,9,13337.916798629769,8.43138066011219,12772.360771453126,8.074046883931883
2025-04-21 00:00:00.000 UTC,9,9,18,18,17,494486.7814592434,309.02812134554637,464856.3045438796,290.52820795702974
2025-04-22 00:00:00.000 UTC,19,19,38,38,28,1006744.4724534731,638.3885035776732,957792.9877049052,607.3565329279704
2025-04-23 00:00:00.000 UTC,6,6,12,11,11,4946.214247607813,2.742707671501531,4835.453080375474,2.680942379750395
2025-04-24 00:00:00.000 UTC,4,4,8,8,8,3623.749509607315,2.069979357009403,3431.4834715819907,1.9602239509576291
2025-04-25 00:00:00.000 UTC,4,4,8,6,6,4667.768167578103,2.599557759792716,4463.9060818519265,2.486007828933764
2025-04-26 00:00:00.000 UTC,0,0,0,0,0,0.0,0.0,0.0,0.0
2025-04-27 00:00:00.000 UTC,2,2,4,4,4,12.961025903217253,0.007104927360728817,12.423799811343686,0.006810047999309521
2025-04-28 00:00:00.000 UTC,3,3,6,5,3,695.4634851206575,0.39158713594750283,664.2761071540549,0.3740315745310351
2025-04-29 00:00:00.000 UTC,1,1,2,2,2,2.438594401708178,0.001338535627742967,2.3294632258333334,0.0012786346417173076
2025-04-30 00:00:00.000 UTC,6,6,12,12,10,14718.453194847132,8.255710108811579,13487.566565494573,7.5660591433572675
2025-05-01 00:00:00.000 UTC,7,7,14,11,9,145349.3673326033,78.68394505203793,116096.55623549483,62.858850823149155
2025-05-02 00:00:00.000 UTC,0,0,0,0,0,0.0,0.0,0.0,0.0
2025-05-03 00:00:00.000 UTC,1,1,2,2,2,0.46137278575482055,0.00025262987658917,0.4411181323076274,0.00024153922129439877
2025-05-04 00:00:00.000 UTC,1,1,2,2,2,15.22511572950891,0.008318623841915554,14.268178181748336,0.007795779479800017
2025-05-05 00:00:00.000 UTC,0,0,0,0,0,0.0,0.0,0.0,0.0
2025-05-06 00:00:00.000 UTC,4,4,8,8,8,8597.185268407724,4.805884316278395,8037.213554819955,4.492891970447497
2025-05-07 00:00:00.000 UTC,0,0,0,0,0,0.0,0.0,0.0,0.0
2025-05-08 00:00:00.000 UTC,7,7,14,14,14,29070.627129381042,14.151008364506604,27406.95061012434,13.341764735143155
2025-05-09 00:00:00.000 UTC,19,19,38,35,30,254010.804746272,109.51569434317054,240297.34891700203,103.59268008093605
2025-05-10 00:00:00.000 UTC,7,7,14,14,14,18000.620469586236,7.2299442717822044,17149.083357229167,6.8879540673294555
2025-05-11 00:00:00.000 UTC,3,3,6,6,6,1348674.440515908,536.7113956895344,1266988.0728476122,504.23660231500395
2025-05-12 00:00:00.000 UTC,3,3,6,6,6,131893.71534300223,52.921428824348745,125208.85753237228,50.23913875070373
2025-05-13 00:00:00.000 UTC,1,1,2,2,2,155.90322189869627,0.06397848355128492,148.59767945285842,0.060980490405674874
2025-05-14 00:00:00.000 UTC,3,3,6,6,6,2946.2142151368807,1.1398343634663444,2788.672297051116,1.0788910955936728
2025-05-15 00:00:00.000 UTC,5,5,10,10,10,108592.60927827051,42.68896600266002,101585.72658745186,39.93100293538893
2025-05-16 00:00:00.000 UTC,5,5,10,8,7,183871.07081717884,71.25630205476845,176322.74559284924,68.33135838442486
2025-05-17 00:00:00.000 UTC,8,8,16,15,15,68325.5362813792,27.319757018351275,64293.48267661991,25.70795563355383
2025-05-18 00:00:00.000 UTC,24,24,48,48,33,2470135.6643343917,1009.1850114382308,2318196.9773038523,947.1626561894325
2025-05-19 00:00:00.000 UTC,3,3,6,6,6,3078.2443090050783,1.2912785861802063,2931.8656496429744,1.2298787598912446
2025-05-20 00:00:00.000 UTC,2,2,4,4,4,2205.195607259985,0.8844025067537568,2094.4144649775285,0.8399822318366226
2025-05-21 00:00:00.000 UTC,2,2,4,4,4,20157.930053557808,7.885272391009555,18617.070531346293,7.283424040317879
2025-05-22 00:00:00.000 UTC,1,1,2,2,2,416.891606942979,0.16046505354938223,398.04810137336455,0.1532106804239558
2025-05-23 00:00:00.000 UTC,10,10,20,20,19,125971.08193733006,48.12268420705757,118044.20108887131,45.08809092744894
2025-05-24 00:00:00.000 UTC,1,1,2,1,1,1002.7571356506083,0.3935906100881564,963.7262234310864,0.3782706487469572
2025-05-25 00:00:00.000 UTC,1,1,2,2,2,32368.52656871628,12.911188288742443,30739.04261315588,12.261290233057919
2025-05-26 00:00:00.000 UTC,3,3,6,6,6,2413.1945553756345,0.9460901233308343,2308.0190867452347,0.904855015234594
2025-05-27 00:00:00.000 UTC,0,0,0,0,0,0.0,0.0,0.0,0.0
2025-05-28 00:00:00.000 UTC,5,5,10,10,9,1663.1512209933012,0.6284455464300385,1582.9443056213252,0.5981399965068082
2025-05-29 00:00:00.000 UTC,4,4,8,8,8,14690.061691507493,5.3864600700791305,13930.15383018406,5.1073924395447605
2025-05-30 00:00:00.000 UTC,16,16,32,32,25,88559.77984664185,34.36894457390444,82639.3576820385,32.072830433490346
2025-05-31 00:00:00.000 UTC,7,7,14,14,12,114683.49778480941,45.71735293027471,106131.83695215097,42.30688658615653
2025-06-01 00:00:00.000 UTC,3,3,6,6,6,40576.65551345448,16.269323541223592,38527.92192856938,15.447878604847583
2025-06-02 00:00:00.000 UTC,2,2,4,4,4,571.9121111549208,0.2266984759226278,533.164271293633,0.21135651352280965
2025-06-03 00:00:00.000 UTC,1,1,2,2,2,16232.323674972973,6.213202795849644,15394.611168182031,5.892565859681511
2025-06-04 00:00:00.000 UTC,2,2,4,4,4,171.61340061016335,0.06588895357039219,162.10749437126924,0.06223895316616941
2025-06-05 00:00:00.000 UTC,36,36,72,72,49,1157103.850750883,468.9859664076174,1096544.4025066067,444.5323001331174
2025-06-06 00:00:00.000 UTC,8,8,16,16,8,29991.67247078973,12.27516722978664,28408.841687462504,11.626890336764458
2025-06-07 00:00:00.000 UTC,4,4,8,8,8,2596.446339365376,1.042559843767076,2473.8242912818973,0.9933225307534104
2025-06-08 00:00:00.000 UTC,5,5,10,10,9,6.01256253934246,0.0023903797384066602,5.779106375545633,0.0022975628188373334
2025-06-09 00:00:00.000 UTC,3,3,6,6,5,7.587939734950893,0.0028516079624027017,7.210612834169014,0.002709817653480374
2025-06-10 00:00:00.000 UTC,4,4,8,8,8,18274.135203072638,6.716073492843167,17269.193555881546,6.346162816469841
2025-06-11 00:00:00.000 UTC,4,4,8,8,7,617.0088466060319,0.21938996552187867,588.1520776566412,0.20913022287247043
2025-06-12 00:00:00.000 UTC,8,8,16,15,10,15560.31752088546,5.83458761351905,14727.227526623112,5.522415375163052
2025-06-13 00:00:00.000 UTC,28,28,56,56,40,946540.3399906121,373.6377897666633,894853.9123912446,353.2800894168722
2025-06-14 00:00:00.000 UTC,2,2,4,4,4,9586.298526916458,3.811808925091306,9141.351502889907,3.634896119073676
2025-06-15 00:00:00.000 UTC,3,3,6,5,5,37042.402921332025,14.596698723703739,36541.04410370393,14.39854237874267
2025-06-16 00:00:00.000 UTC,1,1,2,2,2,176.5643298330833,0.06864632340814524,165.76332686903416,0.06444701255352223
2025-06-17 00:00:00.000 UTC,7,7,14,14,13,389274.2609981507,151.42840548112164,366788.45600347634,142.68527071369098
2025-06-18 00:00:00.000 UTC,4,4,8,8,8,50112.31481223396,19.95225414405688,46502.46908067714,18.51522319231347
2025-06-19 00:00:00.000 UTC,3,3,6,5,5,60.15532227759658,0.023723863967761737,58.06391206838077,0.022899056097479168
2025-06-20 00:00:00.000 UTC,25,25,50,48,35,252956.08270102498,102.56587717615962,234554.89252300438,95.11250628149104
2025-06-21 00:00:00.000 UTC,84,84,168,168,91,3990264.032071625,1695.5228892857508,3706689.807887352,1575.3510248822913
2025-06-22 00:00:00.000 UTC,82,82,164,163,93,1957349.6322084893,887.5043156713385,1844164.879418601,836.296269972537
2025-06-23 00:00:00.000 UTC,2,2,4,4,4,1978.8529168959828,0.8221165905515928,1923.7489775408224,0.799202219317012
2025-06-24 00:00:00.000 UTC,0,0,0,0,0,0.0,0.0,0.0,0.0
2025-06-25 00:00:00.000 UTC,0,0,0,0,0,0.0,0.0,0.0,0.0
2025-06-26 00:00:00.000 UTC,0,0,0,0,0,0.0,0.0,0.0,0.0
2025-06-27 00:00:00.000 UTC,1,1,2,2,2,53.710403543226384,0.02233845853312572,51.26015225978499,0.021319408993273364
2025-06-28 00:00:00.000 UTC,0,0,0,0,0,0.0,0.0,0.0,0.0
2025-06-29 00:00:00.000 UTC,2,2,4,4,4,15881.8181001823,6.3894503776902365,14876.48156268789,5.985158057417038
2025-06-30 00:00:00.000 UTC,1,1,2,2,2,10.708369229533378,0.00426597792925035,10.3233560262,0.004112595795282095
2025-07-01 00:00:00.000 UTC,1,1,2,2,2,104.73058400684586,0.043226406559967255,100.19824276578495,0.04135585576065903
2025-07-02 00:00:00.000 UTC,3,3,6,5,5,66.62630762707832,0.026124294380078048,61.508250071967694,0.02411727870418798
2025-07-03 00:00:00.000 UTC,3,3,6,6,6,78.19718336583117,0.030296494598439295,74.37529685035275,0.028815078675717302
2025-07-04 00:00:00.000 UTC,6,6,12,11,10,24684.349678014936,9.689310385048522,23528.933280975027,9.2357895153681
2025-07-05 00:00:00.000 UTC,1,1,2,1,1,0.10973569658366668,4.355807757419885e-05,0.105922483186625,4.2044474889509294e-05
2025-07-06 00:00:00.000 UTC,2,2,4,4,4,11.529168138802714,0.00455981944372066,11.040113329448182,0.004366252159368766
2025-07-07 00:00:00.000 UTC,3,3,6,6,6,1738.3880870633961,0.6847209966908071,1636.281938371475,0.6444836786413948
2025-07-08 00:00:00.000 UTC,1,1,2,2,2,1217.176937586708,0.4734977770333942,1137.9313876608826,0.4426727582760101
2025-07-09 00:00:00.000 UTC,2,2,4,4,4,49.63791746603607,0.019028444210664873,47.53670589804971,0.018222996979465868
2025-07-10 00:00:00.000 UTC,7,7,14,13,13,32808.95370156855,11.73208460276603,31112.85964717452,11.126213931337807
2025-07-11 00:00:00.000 UTC,5,5,10,10,10,45319.411255457286,15.189513813663526,42907.53823794645,14.381093953825845
2025-07-12 00:00:00.000 UTC,4,4,8,7,7,174.35668593807304,0.05882463438680612,169.9409230993839,0.05733232168576662
2025-07-13 00:00:00.000 UTC,5,5,10,10,7,20135.870140986404,6.832755421110824,17112.866668204464,5.806711742027324
2025-07-14 00:00:00.000 UTC,6,6,12,12,12,9601.463882673886,3.1645886034554147,8974.969019186374,2.958069122604066
2025-07-15 00:00:00.000 UTC,5,5,10,10,10,66262.55677378604,21.400898621431498,63438.435870688576,20.48750265131815
2025-07-16 00:00:00.000 UTC,12,12,24,24,23,117715.27206516801,36.47083404946008,107669.57392267209,33.374343189120935
2025-07-17 00:00:00.000 UTC,7,7,14,13,13,486552.64639780804,141.784385455195,461209.1644362756,134.3910400618366
2025-07-18 00:00:00.000 UTC,7,7,14,14,13,373588.3898385178,103.6277980189838,356246.7189815168,98.80786189721141
2025-07-19 00:00:00.000 UTC,3,3,6,6,6,74.7572475256712,0.020870235986702568,71.71285234687099,0.020020497759213815
2025-07-20 00:00:00.000 UTC,9,9,18,18,18,445758.251142062,121.98311538193643,425540.8716308313,116.44872911152389
2025-07-21 00:00:00.000 UTC,20,20,40,33,29,552018.4130508901,145.4755819467941,415976.8271681181,109.60441126706175
2025-07-22 00:00:00.000 UTC,12,12,24,23,20,735176.3273130552,201.62917436541795,702424.5701284244,192.64739825026723
2025-07-23 00:00:00.000 UTC,11,11,22,21,18,79850.03526649042,22.16159463889758,74402.51558366275,20.649198978312718
2025-07-24 00:00:00.000 UTC,8,8,16,16,14,73125.03998697017,20.371523522383065,67763.86843178073,18.88009106312156
2025-07-25 00:00:00.000 UTC,4,4,8,8,8,877.7307020179643,0.2358132526587945,835.1019337767078,0.22435815814787308
2025-07-26 00:00:00.000 UTC,7,7,14,14,14,1252.1399188217165,0.333410956458177,1180.1009174759865,0.31422913262864677
2025-07-27 00:00:00.000 UTC,2,2,4,4,4,363.0343975319475,0.09633274665603642,344.03708854825993,0.09129184303762417
2025-07-28 00:00:00.000 UTC,8,8,16,16,16,613990.5707076907,160.30792807602617,586308.1859073566,153.08156018500156
2025-07-29 00:00:00.000 UTC,1,1,2,2,2,21560.590627633977,5.7385824264632905,20422.49563132445,5.435691521503583
2025-07-30 00:00:00.000 UTC,3,3,6,6,6,5107.158783276567,1.357043492421527,4727.25279867858,1.2562299479626948
2025-07-31 00:00:00.000 UTC,13,13,26,25,17,18340.852085303584,4.939187184238473,17553.18520338991,4.7270722335051625
2025-08-01 00:00:00.000 UTC,62,62,124,123,81,6664855.474393759,1888.8091107247747,6329896.371282909,1793.9312728480231
2025-08-02 00:00:00.000 UTC,19,19,38,38,25,979775.1201508447,286.79032894980946,928329.8571840235,271.7718323407288
2025-08-03 00:00:00.000 UTC,2,2,4,4,4,14367.459568202365,4.219118083992632,12910.360189101295,3.7912804561493783
2025-08-04 00:00:00.000 UTC,5,5,10,10,10,519304.4493294847,143.5853856826405,496346.91285022366,137.2274032476875
2025-08-05 00:00:00.000 UTC,6,6,12,12,12,93479.00953950801,25.601953701481083,89236.67771969564,24.440027110928778
2025-08-06 00:00:00.000 UTC,1,1,2,2,2,20.646649841338206,0.005736890568537657,19.298511849657,0.005362297854545334
2025-08-07 00:00:00.000 UTC,4,4,8,8,8,252994.75640703447,65.89707648282689,241891.34723599156,63.00391552492041
2025-08-08 00:00:00.000 UTC,8,8,16,16,16,2836290.8719754387,701.6881983154815,2706447.7040295484,669.5574611548693
2025-08-09 00:00:00.000 UTC,9,9,18,17,17,176086.43789383996,42.00386887160738,168461.67936881175,40.18498375389512
2025-08-10 00:00:00.000 UTC,5,5,10,9,9,1135836.7368532412,268.02411080012394,1079500.1918471856,254.73483570465214
2025-08-11 00:00:00.000 UTC,8,8,16,16,16,6314.010667668865,1.4874890459686814,5892.875828975651,1.3882336182551136
2025-08-12 00:00:00.000 UTC,10,10,20,20,20,96751.53328317423,21.287359317577984,93814.46026023455,20.637433046660767
2025-08-13 00:00:00.000 UTC,7,7,14,14,13,62663.00003089512,13.388695872654678,59780.396272411184,12.772854766120279
2025-08-14 00:00:00.000 UTC,16,16,32,32,24,1915783.4791443872,414.99103543817967,1804114.3535964813,390.86739835088434
2025-08-15 00:00:00.000 UTC,7,7,14,14,9,447339.2472230243,101.01897047571248,426439.04271587485,96.30267616606585
2025-08-16 00:00:00.000 UTC,5,5,10,10,10,2420.9164923059475,0.5439156103694557,2243.9370909044956,0.5041550387969902
2025-08-17 00:00:00.000 UTC,14,14,28,28,26,39916.340369612226,8.817892838681894,38069.614417812816,8.409824179411872
2025-08-18 00:00:00.000 UTC,24,24,48,47,36,509251.9994503177,117.60523531463775,484946.8806153566,111.99158214948218
2025-08-19 00:00:00.000 UTC,18,18,36,35,28,4200611.6513864305,983.4678861551819,3967545.2770630377,928.9260785875517
2025-08-20 00:00:00.000 UTC,1,1,2,2,2,1683.5510109367094,0.4018454680524535,1602.0617552938043,0.3823952100802811
2025-08-21 00:00:00.000 UTC,1,1,2,2,2,574.0224103830686,0.13437070640645243,533.3177542424445,0.12484622361252849
2025-08-22 00:00:00.000 UTC,9,9,18,18,17,298299.65780307027,63.756975540409485,287948.18931024097,61.54901616794274
2025-08-23 00:00:00.000 UTC,7,7,14,13,12,10120.274305119394,2.1458848929660137,9648.888365043424,2.045931155098424
2025-08-24 00:00:00.000 UTC,16,16,32,32,25,4148724.0756587116,845.4805025049365,3859058.5163075393,786.4562226360702
2025-08-25 00:00:00.000 UTC,31,31,62,61,44,2584713.9726315564,578.4399123075264,2467341.3899623333,552.2220715140384
2025-08-26 00:00:00.000 UTC,7,7,14,14,12,146984.32115118578,33.52390295528794,139605.96319650713,31.842255596694613
2025-08-27 00:00:00.000 UTC,6,6,12,11,11,9983.989923271158,2.1678451928026155,9403.975221065366,2.041974476912678
2025-08-28 00:00:00.000 UTC,4,4,8,8,8,138249.6853722565,30.13073221240919,130021.36687885044,28.338042253238815
2025-08-29 00:00:00.000 UTC,19,19,38,38,31,1246619.2203006474,283.27195085908056,1178251.5736439787,267.7527308510947
2025-08-30 00:00:00.000 UTC,2,2,4,4,4,28.75454531433684,0.006602299866287896,27.33794942568052,0.006277118456279702
2025-08-31 00:00:00.000 UTC,2,2,4,4,3,121.23986520424593,0.027311483992648586,115.45017488126125,0.02600790875540584
2025-09-01 00:00:00.000 UTC,14,14,28,28,18,111652.45251557491,25.816747494711947,104599.66651478311,24.18910148393759
2025-09-02 00:00:00.000 UTC,1,1,2,2,2,26.479087084800007,0.006128812388795216,25.240823111959386,0.005842197750454643
2025-09-03 00:00:00.000 UTC,2,2,4,3,3,17.174476222415368,0.003842088830488464,16.986832653556295,0.0038001076720631634
2025-09-04 00:00:00.000 UTC,8,8,16,14,15,168417.4545949217,38.16907674080039,159470.68017272977,36.13798048589327
2025-09-05 00:00:00.000 UTC,1,1,2,2,2,1056.2621088800586,0.24418185207653714,1004.1263232457418,0.23212997072834277
2025-09-06 00:00:00.000 UTC,0,0,0,0,0,0.0,0.0,0.0,0.0
2025-09-07 00:00:00.000 UTC,2,2,4,4,4,4.5347955481588595,0.0010536982982709438,4.3351266335575005,0.0010072910170372666
2025-09-08 00:00:00.000 UTC,3,3,6,6,6,903.7156279807991,0.20998030031280818,861.1045605695423,0.2000805548404003
2025-09-09 00:00:00.000 UTC,1,1,2,2,2,268.24749737891665,0.06255859965199209,256.6538207063498,0.05985481292991922
2025-09-10 00:00:00.000 UTC,3,3,6,6,6,7698.275216424302,1.775943860604387,7353.96433495874,1.6965302478975404
2025-09-11 00:00:00.000 UTC,1,1,2,2,2,1726.512976212313,0.39048538587795434,1645.2476281950555,0.3721068811006409
2025-09-12 00:00:00.000 UTC,1,1,2,2,2,61.77075167990105,0.013737703885184091,57.46091991730858,0.012779180719478301
2025-09-13 00:00:00.000 UTC,6,6,12,12,12,20537.49926502043,4.398767720208248,19596.599734079264,4.197194121759399
2025-09-14 00:00:00.000 UTC,0,0,0,0,0,0.0,0.0,0.0,0.0
2025-09-15 00:00:00.000 UTC,6,6,12,12,11,195090.32182613964,42.93125537420374,187288.82909703502,41.21502250764752
2025-09-16 00:00:00.000 UTC,3,3,6,6,5,1204051.506630534,270.08306119823123,1147055.2844509,257.30072794359904
2025-09-17 00:00:00.000 UTC,1,1,2,2,2,22.952655658945826,0.005013781884998144,22.066284945916713,0.004819948645489804
2025-09-18 00:00:00.000 UTC,3,3,6,6,6,128808.01649842925,27.99163374744564,123858.91625727642,26.916145681115626
2025-09-19 00:00:00.000 UTC,3,3,6,6,6,1922.305633291524,0.42681778212012356,1796.8256604377546,0.3989708304344788
2025-09-20 00:00:00.000 UTC,0,0,0,0,0,0.0,0.0,0.0,0.0
2025-09-21 00:00:00.000 UTC,0,0,0,0,0,0.0,0.0,0.0,0.0
2025-09-22 00:00:00.000 UTC,119,119,238,227,107,15116259.173498616,3589.5226248043596,14223327.583033329,3377.3965073737795
2025-09-23 00:00:00.000 UTC,9,9,18,18,17,7678.323893623958,1.8367150000103498,7335.886052795184,1.7547936331328196
2025-09-24 00:00:00.000 UTC,5,5,10,10,10,210555.24204874426,50.55541588814046,201348.84594920112,48.34324726209862
2025-09-25 00:00:00.000 UTC,97,97,194,193,83,3715219.779838203,928.2107373125842,3511678.806239956,877.3577311736146
2025-09-26 00:00:00.000 UTC,4,4,8,8,8,52.128565136417336,0.013249323895557377,49.7818868350691,0.01265258068651195
2025-09-27 00:00:00.000 UTC,2,2,4,4,4,13979.150822708414,3.477692358831048,12661.387577550164,3.1498496086220396
2025-09-28 00:00:00.000 UTC,1,1,2,1,1,5.704583930975946,0.001426411354689765,5.4589319913645395,0.001364986942286856
2025-09-29 00:00:00.000 UTC,0,0,0,0,0,0.0,0.0,0.0,0.0
2025-09-30 00:00:00.000 UTC,2,2,4,4,4,321.71609556105017,0.07740938847121402,309.0169901943706,0.07437587185920042
2025-10-01 00:00:00.000 UTC,1,1,2,2,2,86.02041933381479,0.01992645991265386,82.7065797881765,0.01915881590217104
2025-10-02 00:00:00.000 UTC,0,0,0,0,0,0.0,0.0,0.0,0.0
2025-10-03 00:00:00.000 UTC,2,2,4,3,3,101.8669929799159,0.022521971628379787,96.69976616416078,0.021380007607645017
2025-10-04 00:00:00.000 UTC,2,2,4,4,4,4973.209363375912,1.1066538426988486,4790.253803033161,1.0659371106898747
2025-10-05 00:00:00.000 UTC,1,1,2,1,1,4578.681679649441,1.014198251920181,4381.513569042528,0.9705246429858193
2025-10-06 00:00:00.000 UTC,2,2,4,4,4,1739.4810697863284,0.3713354864507108,1655.634436828335,0.35343519598914713
2025-10-07 00:00:00.000 UTC,13,13,26,25,22,616430.7772975609,136.61444631532044,584362.7673291772,129.51087837043332
2025-10-08 00:00:00.000 UTC,3,3,6,5,4,4941.164754509,1.1107960019292509,4703.277620469351,1.0573184351348812
2025-10-09 00:00:00.000 UTC,14,14,28,28,23,1378016.4136736435,317.31024058864523,1311094.9947083183,301.9030012507422
2025-10-10 00:00:00.000 UTC,792,792,1584,1151,288,147779564.578306,38016.83810628563,122082771.9029602,31455.219472382443
2025-10-11 00:00:00.000 UTC,110,110,220,218,117,473346.80139615334,126.69365559606555,447734.09767107654,119.84361221966404
2025-10-12 00:00:00.000 UTC,10,10,20,19,16,15170383.31111262,4064.621005812005,14350743.285139,3845.026757080753
2025-10-13 00:00:00.000 UTC,7,7,14,10,12,23221.14908806354,5.5645526778865815,21584.181687034325,5.172951545808173
2025-10-14 00:00:00.000 UTC,7,7,14,14,11,869808.2007818003,211.21671678088768,823859.7715370768,200.06183819512256
2025-10-15 00:00:00.000 UTC,8,8,16,16,16,112574.87340982995,28.294388248447728,106897.36198718469,26.867743949366126
2025-10-16 00:00:00.000 UTC,32,32,64,57,47,2470618.146268886,628.3103865278821,2342540.5536162164,595.7337313335936
2025-10-17 00:00:00.000 UTC,106,106,212,211,117,5976384.276897224,1590.1685868411757,5648731.830865892,1503.0481162208882
2025-10-18 00:00:00.000 UTC,1,1,2,2,2,1143.2224627902876,0.2970451545598406,1090.129149954209,0.2832522505199557
2025-10-19 00:00:00.000 UTC,0,0,0,0,0,0.0,0.0,0.0,0.0
2025-10-20 00:00:00.000 UTC,6,6,12,12,12,141510.18685375171,34.74488612282113,141151.1647508464,34.65662711041108
2025-10-21 00:00:00.000 UTC,7,7,14,14,12,1727396.3141908816,433.6773121179762,1639942.635083635,411.6266372238742
2025-10-22 00:00:00.000 UTC,17,17,34,32,29,588367.7141428917,153.7354693727459,556675.5478757867,145.4551292105593
2025-10-23 00:00:00.000 UTC,1,1,2,2,2,15.452564892233339,0.004037802500942743,14.899615948687098,0.003893315219567613
2025-10-24 00:00:00.000 UTC,0,0,0,0,0,0.0,0.0,0.0,0.0
2025-10-25 00:00:00.000 UTC,0,0,0,0,0,0.0,0.0,0.0,0.0
2025-10-26 00:00:00.000 UTC,4,4,8,7,7,78215.36027973816,18.94036350404672,75351.40545849242,18.247536160447464
2025-10-27 00:00:00.000 UTC,3,3,6,6,6,2079.886411128828,0.4951780286676612,1990.0229229710499,0.4737826328133547
2025-10-28 00:00:00.000 UTC,7,7,14,14,12,491744.49171905994,123.2087839762633,469806.5802642015,117.71455222355627
2025-10-29 00:00:00.000 UTC,10,10,20,20,16,623243.8111645434,158.40551491114104,591332.0672060701,150.2978188086715
2025-10-30 00:00:00.000 UTC,33,33,66,64,53,985768.7949366951,257.6383000984575,936360.0058814208,244.7129481345864
2025-10-31 00:00:00.000 UTC,0,0,0,0,0,0.0,0.0,0.0,0.0
2025-11-01 00:00:00.000 UTC,0,0,0,0,0,0.0,0.0,0.0,0.0
2025-11-02 00:00:00.000 UTC,0,0,0,0,0,0.0,0.0,0.0,0.0
2025-11-03 00:00:00.000 UTC,99,99,198,194,119,2081783.936851512,564.931309588489,1934746.3038680856,525.07453965215
2025-11-04 00:00:00.000 UTC,575,575,1150,1132,356,98856497.005082,29735.073448798612,93395141.84328505,28088.883520857773
2025-11-05 00:00:00.000 UTC,13,13,26,24,18,312.6830631035514,0.09599266559311259,294.1666550214113,0.09030687956403122
2025-11-06 00:00:00.000 UTC,7,7,14,14,12,78928.20697514337,23.621703066444677,73407.5946818545,21.97356360955036
2025-11-07 00:00:00.000 UTC,5,5,10,10,9,64969.79998140688,20.096654082800402,61921.83603651954,19.153856772076818
2025-11-08 00:00:00.000 UTC,1,1,2,2,2,4.493945681750001,0.0013009185737612994,4.177332388803937,0.0012092505641804027
2025-11-09 00:00:00.000 UTC,3,3,6,6,6,13336.279569702168,3.847085439535785,12523.100939382468,3.613977519658904
2025-11-10 00:00:00.000 UTC,9,9,18,16,15,6333.106119078096,1.7760069885670342,5904.136010386095,1.655672163154556
2025-11-11 00:00:00.000 UTC,4,4,8,8,8,23993.19340404428,6.910846817031688,22700.92175290013,6.538948948663457
2025-11-12 00:00:00.000 UTC,3,3,6,6,4,148715.9198815824,43.60788167913938,142224.39542308793,41.704386587469955
2025-11-13 00:00:00.000 UTC,64,64,128,127,67,629108.2104787447,195.14148776659692,601862.3126690659,186.6967910320747
2025-11-14 00:00:00.000 UTC,80,80,160,159,103,3035682.351320116,967.8897516992491,2857408.4428339247,911.0459174063496
2025-11-15 00:00:00.000 UTC,1,1,2,2,2,15067.344480668873,4.798342524593278,14422.64348407136,4.593001701462539
2025-11-16 00:00:00.000 UTC,119,119,238,235,109,35554806.1815848,11550.676073396251,33445781.348053284,10865.614651974443
2025-11-17 00:00:00.000 UTC,81,81,162,159,70,3889112.2754739667,1285.6697105347944,3676573.762551545,1215.437662205771
2025-11-18 00:00:00.000 UTC,46,46,92,92,54,924153.4052919629,307.3375289955541,877391.1142500911,291.7915767796827
2025-11-19 00:00:00.000 UTC,116,116,232,232,101,9219175.66153298,3180.7337356279613,8797770.144519428,3035.4602975850016
2025-11-20 00:00:00.000 UTC,179,179,358,358,135,34871745.13124155,12203.218895242771,33027794.521333534,11559.260469728664
2025-11-21 00:00:00.000 UTC,503,503,1006,978,323,58288269.85601746,21144.356491705268,54299181.25941065,19698.254086963865
2025-11-22 00:00:00.000 UTC,8,8,16,16,16,12978.920914140233,4.746467424162227,12059.658864850273,4.410285509523447
2025-11-23 00:00:00.000 UTC,3,3,6,4,6,582143.1985308921,206.0556577010265,555652.0419969973,196.67824715278485
2025-11-24 00:00:00.000 UTC,6,6,12,10,9,77171.46577520951,27.36626828852135,73455.41003258934,26.04828060810969
2025-11-25 00:00:00.000 UTC,4,4,8,8,7,30.277267475580327,0.010346336901734752,28.971010732009294,0.009899822156349646
2025-11-26 00:00:00.000 UTC,14,14,28,27,23,37436.280561894615,12.468040045763427,35730.72591357294,11.899462085380447
2025-11-27 00:00:00.000 UTC,18,18,36,34,21,1561719.9125231232,512.2406152765382,1501037.2108144155,492.33716557067635
2025-11-28 00:00:00.000 UTC,2,2,4,4,4,1829.4776906665425,0.6018433979090979,1747.5292367795546,0.5748627981025415
2025-11-29 00:00:00.000 UTC,3,3,6,6,6,31.311803936308053,0.010402468516282164,30.15500349036688,0.010018173342784913
2025-11-30 00:00:00.000 UTC,5,5,10,10,10,11.879634608430845,0.0039511496374986885,6007.960058788157,1.9780951795665742
2025-12-01 00:00:00.000 UTC,34,34,68,68,58,2180199.3707302622,757.3431866400703,2088577.532789365,725.5645188358122
2025-12-02 00:00:00.000 UTC,5,5,10,10,10,3587940.8566938182,1231.4813108701096,3337574.728186892,1145.2116158540987
2025-12-03 00:00:00.000 UTC,6,6,12,12,11,4623.440707845275,1.4893191673305393,4291.350403859738,1.38200220843206
2025-12-04 00:00:00.000 UTC,7,7,14,14,9,385.9038642880879,0.12299775693135706,364.39841023516266,0.11614663364529156
2025-12-05 00:00:00.000 UTC,0,0,0,0,0,0.0,0.0,0.0,0.0
2025-12-06 00:00:00.000 UTC,2,2,4,4,4,1232.5414114901862,0.4052510690670451,1178.7709952855396,0.3875717657743468
2025-12-07 00:00:00.000 UTC,6,6,12,12,7,247791.82812191168,83.22566085732149,234547.7226311769,78.77855424356915
2025-12-08 00:00:00.000 UTC,2,2,4,4,4,6612.982184312366,2.1190143744200136,6175.155171265231,1.9786669537833106
2025-12-09 00:00:00.000 UTC,11,11,22,21,11,2656563.592678987,797.0146442954131,2573075.22430619,771.8718534141802
2025-12-10 00:00:00.000 UTC,3,3,6,6,6,10.03732873984156,0.002973517475853011,9.595545563148443,0.0028427368224049378
2025-12-11 00:00:00.000 UTC,4,4,8,8,8,4975.122899482681,1.5396773896672662,4677.234842920261,1.4476238353370297
2025-12-12 00:00:00.000 UTC,10,10,20,20,17,244646.99981328216,76.47950227075813,224811.12679072734,70.28972609990073
2025-12-13 00:00:00.000 UTC,0,0,0,0,0,0.0,0.0,0.0,0.0
2025-12-14 00:00:00.000 UTC,5,5,10,10,9,27534.638967629966,8.876374054335042,26182.05032630407,8.440376298032454
2025-12-15 00:00:00.000 UTC,30,30,60,60,47,562054.8497095667,187.4729512892988,527958.669111603,176.13385880048727
2025-12-16 00:00:00.000 UTC,5,5,10,10,10,3596.386927963402,1.226755618292864,3410.8513320082284,1.1634478143675797
2025-12-17 00:00:00.000 UTC,19,19,38,35,27,61728.367412911626,21.674683233627555,58659.152806909195,20.597429829852334
2025-12-18 00:00:00.000 UTC,17,17,34,34,31,560853.2365456589,194.6704871835045,514663.8629816173,178.71008443987114
2025-12-19 00:00:00.000 UTC,2,2,4,4,4,8.702230029194002,0.0029433437618438998,8.368198575252677,0.002830362377876245
2025-12-20 00:00:00.000 UTC,0,0,0,0,0,0.0,0.0,0.0,0.0
2025-12-21 00:00:00.000 UTC,10,10,20,20,16,22272.340144052756,7.443923947027238,20490.643762407493,6.848415304413335
2025-12-22 00:00:00.000 UTC,9,9,18,18,16,6856.818029913626,2.2939365077820684,6369.582094494687,2.1308066649550588
2025-12-23 00:00:00.000 UTC,4,4,8,8,7,1249.6765240408026,0.4262819388711232,1185.3673526533992,0.40434922751870406
2025-12-24 00:00:00.000 UTC,9,9,18,18,17,78375.24393589278,26.835172927186143,74258.69011994901,25.42574938674483
2025-12-25 00:00:00.000 UTC,1,1,2,1,1,73.31525017008676,0.024843361370488377,70.76761605223189,0.023980078562575682
2025-12-26 00:00:00.000 UTC,3,3,6,5,5,4098.562061293761,1.3845937387473957,3903.573277394961,1.3187611450819552
2025-12-27 00:00:00.000 UTC,2,2,4,4,4,5.629921127456635,0.0019154899530542807,5.332469174540014,0.001814287478847194
2025-12-28 00:00:00.000 UTC,1,1,2,2,2,23.212800196748542,0.007889274359035024,22.4198672422055,0.007619782302969048
2025-12-29 00:00:00.000 UTC,3,3,6,6,6,4177.000935515839,1.3889721116734897,3941.668849492458,1.3107504041548876
2025-12-30 00:00:00.000 UTC,0,0,0,0,0,0.0,0.0,0.0,0.0
2025-12-31 00:00:00.000 UTC,6,6,12,12,11,17670.076721985344,5.941139687087547,16428.972516918897,5.523890421913403
2026-01-01 00:00:00.000 UTC,0,0,0,0,0,0.0,0.0,0.0,0.0
2026-01-02 00:00:00.000 UTC,2,2,4,3,3,29635.792958091675,9.677553339952805,28482.179828908418,9.300841123118632
2026-01-03 00:00:00.000 UTC,1,1,2,2,2,0.000322909761875,1.036848437866494e-07,0.00030944175869199484,9.9360194292e-08
2026-01-04 00:00:00.000 UTC,1,1,2,1,1,4689.855375797811,1.4904829019435337,4648.023167292181,1.4771882080708956
2026-01-05 00:00:00.000 UTC,3,3,6,6,5,467420.823227776,147.46734696186317,448889.59667209524,141.6166431121405
2026-01-06 00:00:00.000 UTC,3,3,6,5,5,91639.39455957268,28.1577828024571,86132.30340877025,26.46485249015931
2026-01-07 00:00:00.000 UTC,6,6,12,12,10,180961.39751334686,56.93515531002223,171435.26407433598,53.939120547285185
2026-01-08 00:00:00.000 UTC,8,8,16,16,12,75053.40995958765,24.2249077444168,71217.4508982383,22.986726949266966
2026-01-09 00:00:00.000 UTC,1,1,2,2,2,5.410283561611556,0.001756458209722311,5.155779768557001,0.0016738335210363837
2026-01-10 00:00:00.000 UTC,1,1,2,2,2,1.4872394228709749,0.0004804754703613049,1.3796930470261415,0.000445730967723009
2026-01-11 00:00:00.000 UTC,1,1,2,2,2,8262.200621438384,2.6432053909485345,7927.669535899618,2.536183346453296
2026-01-12 00:00:00.000 UTC,1,1,2,2,2,249999.982234022,80.08059640846514,238973.23200166415,76.54875500347454
2026-01-13 00:00:00.000 UTC,7,7,14,14,13,137521.30759392606,41.60525743154615,130505.57015364787,39.482078679795755
2026-01-14 00:00:00.000 UTC,1,1,2,2,2,1883.0612226905348,0.5593166872415088,1795.960520439969,0.5334451693161206
2026-01-15 00:00:00.000 UTC,6,6,12,12,12,263977.20986268425,79.29845236481853,251937.8796096924,75.68246407419494
2026-01-16 00:00:00.000 UTC,2,2,4,4,4,28637.88022315043,8.692309249480072,27190.876706803836,8.253167081400512
2026-01-17 00:00:00.000 UTC,0,0,0,0,0,0.0,0.0,0.0,0.0
2026-01-18 00:00:00.000 UTC,2,2,4,4,4,8689.222632015142,2.6064983316096817,8262.114052457615,2.4784152127512438
2026-01-19 00:00:00.000 UTC,18,18,36,35,25,3777592.9068020484,1176.7907319323824,3656160.7665085476,1138.9723150552552
2026-01-20 00:00:00.000 UTC,48,48,96,95,67,4418555.19750448,1419.1517618592009,4225985.3260651855,1357.2635572048375
2026-01-21 00:00:00.000 UTC,21,21,42,42,35,111275.80295842011,38.01937542851338,104783.24594732262,35.80349454229729
2026-01-22 00:00:00.000 UTC,12,12,24,24,19,6686.446664526565,2.2606392332670864,6331.0292514188295,2.140497328383096
2026-01-23 00:00:00.000 UTC,4,4,8,8,8,726.3946755080401,0.24841898872399218,694.1696493026886,0.23739786352986317
2026-01-24 00:00:00.000 UTC,0,0,0,0,0,0.0,0.0,0.0,0.0
2026-01-25 00:00:00.000 UTC,52,52,104,102,58,851284.4121128322,301.5871045730485,807390.0516724823,286.04524132099317
2026-01-26 00:00:00.000 UTC,1,1,2,2,2,9347.157970198492,3.2216988984983206,8937.52146897572,3.080509065197965
2026-01-27 00:00:00.000 UTC,3,3,6,6,6,1049.6345313491195,0.36016686697697275,933.4890738786675,0.3203269257814963
2026-01-28 00:00:00.000 UTC,6,6,12,11,8,2136.5955155049287,0.7090573076514679,2039.311918303314,0.6767798930687202
2026-01-29 00:00:00.000 UTC,69,69,138,137,84,5023315.92521321,1769.5367156289403,4733028.549336887,1667.578111337717
2026-01-30 00:00:00.000 UTC,151,151,302,301,135,2672605.125956828,969.1334406930612,2496203.0389921665,905.2538453221895
2026-01-31 00:00:00.000 UTC,1204,1204,2408,2306,504,124917782.8771108,51296.76798059604,117465016.80888364,48236.83367366071
2026-02-01 00:00:00.000 UTC,305,305,610,605,199,10287032.300018106,4481.0133398543985,9603735.268963883,4183.519667999878
2026-02-02 00:00:00.000 UTC,788,788,1576,670,249,36331844.54945588,16163.24691321554,33795992.61279354,15037.418368282057
2026-02-03 00:00:00.000 UTC,209,209,418,418,105,23848726.641442172,11008.590688853443,22590317.552885346,10427.751255639048
2026-02-04 00:00:00.000 UTC,141,141,282,280,111,4501910.004181659,2110.1813680691057,4266369.22847436,1999.8533413228756
2026-02-05 00:00:00.000 UTC,1873,1873,3746,3705,829,122657834.86943159,62578.42444105851,115017180.28336313,58698.20637746185
2026-02-06 00:00:00.000 UTC,680,680,1360,1309,242,90970196.43267852,48957.540285373005,83345136.12308632,44875.532643181345
2026-02-07 00:00:00.000 UTC,19,19,38,37,21,1639.7222504847211,0.80039565834695,1564.5796799317854,0.763716351349026
2026-02-08 00:00:00.000 UTC,44,44,88,87,35,14373.358309019259,6.875780518743374,13709.820266376317,6.558384835530174
2026-02-09 00:00:00.000 UTC,10,10,20,19,18,90712.41592554061,44.24240562806549,86194.91012463979,42.03941694655131
2026-02-10 00:00:00.000 UTC,10,10,20,20,18,88529.67135805626,43.97969998956896,82941.59902672296,41.20324282243378
2026-02-11 00:00:00.000 UTC,17,17,34,34,32,170801.98037184135,87.1820837482501,161778.46053575265,82.58194805121093
2026-02-12 00:00:00.000 UTC,3,3,6,6,6,487.00399057131705,0.24778793398943352,464.1891607682296,0.23617951899160178
2026-02-13 00:00:00.000 UTC,6,6,12,12,12,941751.2223094911,471.36750311096483,893095.813354799,446.9571812083986
2026-02-14 00:00:00.000 UTC,3,3,6,6,6,7.8155029494130694,0.003749321948916169,7.382752979852365,0.003541732894526806
2026-02-15 00:00:00.000 UTC,8,8,16,15,13,14329.899446139667,7.131200759359062,13483.240547499327,6.709515153248423
2026-02-16 00:00:00.000 UTC,8,8,16,10,15,9089.779136151512,4.610099001481187,8158.71506585267,4.138807490374837
2026-02-17 00:00:00.000 UTC,2,2,4,4,4,4.954250485976961,0.0024986251401382126,4.696660337399249,0.002368713778748841
2026-02-18 00:00:00.000 UTC,3,3,6,5,5,174076.3226670979,88.94179539941824,161014.1436137144,82.269596330833
2026-02-19 00:00:00.000 UTC,4,4,8,8,7,10596.545686745118,5.46041510551188,10027.667219181389,5.1673791963311775
2026-02-20 00:00:00.000 UTC,5,5,10,10,10,1334.7026638893901,0.6866088866773636,1205.7998030659005,0.6203026098713929
2026-02-21 00:00:00.000 UTC,1,1,2,2,2,235.7217399018382,0.1199677027575123,224.67297786729253,0.1143448725487307
2026-02-22 00:00:00.000 UTC,7,7,14,10,9,315.9756234462234,0.1615138325151334,300.5727184617248,0.15364047126077016
2026-02-23 00:00:00.000 UTC,40,40,80,78,48,124035.13892807197,65.60012037726841,116519.04176663747,61.64127223356413
2026-02-24 00:00:00.000 UTC,30,30,60,60,40,507764.5134099306,273.64955152116767,479440.52042922773,258.3891434727186
2026-02-25 00:00:00.000 UTC,12,12,24,22,18,6688715.614645363,3277.2984265334053,6375862.56330713,3123.762149502733
2026-02-26 00:00:00.000 UTC,9,9,18,16,13,5310.296513959984,2.606080984196972,5085.592957892947,2.4957040911495065
2026-02-27 00:00:00.000 UTC,17,17,34,32,21,58404.46935074589,30.189932771408728,54601.54286860987,28.22368638160871
2026-02-28 00:00:00.000 UTC,17,17,34,34,24,389673.830948016,207.68897110317192,368224.05903760844,196.2668049666689
2026-03-01 00:00:00.000 UTC,1,1,2,2,2,54.40984205915577,0.027571460622334638,51.515183703591156,0.026105078236379038
2026-03-02 00:00:00.000 UTC,13,13,26,25,21,512120.76123314817,258.37253927059277,479140.8138104344,241.6382235638669
2026-03-03 00:00:00.000 UTC,10,10,20,20,17,5198.403464973693,2.645864000328368,4898.471871702364,2.493149077314126
2026-03-04 00:00:00.000 UTC,10,10,20,19,18,5048680.658724259,2416.7672051482045,4728367.307570335,2263.363014648085
2026-03-05 00:00:00.000 UTC,2,2,4,4,4,1356.3964464553287,0.6525306975803348,1289.5398450097612,0.620382732107246
2026-03-06 00:00:00.000 UTC,15,15,30,30,24,83032.8851494987,41.84239444078176,78365.43256438279,39.488472963917204
2026-03-07 00:00:00.000 UTC,0,0,0,0,0,0.0,0.0,0.0,0.0
2026-03-08 00:00:00.000 UTC,29,29,58,54,36,459455.33820105466,236.5445258998085,425951.95687247306,219.29105062256093
2026-03-09 00:00:00.000 UTC,1,1,2,2,2,7.810002216560492,0.003861950816130517,7.452427791466665,0.0036851356297957446
2026-03-10 00:00:00.000 UTC,41,41,82,80,35,21817597.91940636,10577.622619939968,21013145.98646659,10187.607670966388
2026-03-11 00:00:00.000 UTC,28,28,56,56,23,920602.4185437668,454.455688197635,877072.1161362407,432.9629913585919
2026-03-12 00:00:00.000 UTC,6,6,12,11,10,1743.6789852778109,0.8449524587928777,1657.2040317537849,0.8030481430666713
2026-03-13 00:00:00.000 UTC,1,1,2,2,2,1471.5529235825115,0.695285212570432,1407.9899256028034,0.6652437739720506
2026-03-14 00:00:00.000 UTC,2,2,4,4,4,522.0932165581925,0.25082565406530777,494.4961526502413,0.2375678332631532
2026-03-15 00:00:00.000 UTC,1,1,2,2,2,21.568970136285,0.010252566809060303,20.72016549824386,0.009849067961707073
2026-03-16 00:00:00.000 UTC,8,8,16,15,15,3944937.908931034,1798.820182981575,3743608.216428907,1706.9395551627235
2026-03-17 00:00:00.000 UTC,2,2,4,4,4,269363.0599166269,114.28996252690723,256431.75973249163,108.80344232212039
2026-03-18 00:00:00.000 UTC,10,10,20,20,20,31254.52715103957,14.079273889279262,29888.797044348194,13.463219530567418
2026-03-19 00:00:00.000 UTC,32,32,64,63,46,78105.26764379547,36.39025597141202,73871.7200761818,34.418155986819436
2026-03-20 00:00:00.000 UTC,9,9,18,17,13,1937.038887152825,0.9089688971992175,1812.4859888512117,0.8505221259134554
2026-03-21 00:00:00.000 UTC,14,14,28,24,21,179057.4471390121,83.39674512714653,166800.6444409736,77.68844163501869
2026-03-22 00:00:00.000 UTC,8,8,16,15,10,10365.03349484706,5.033105310352368,9904.264475054246,4.809255072387595
2026-03-23 00:00:00.000 UTC,13,13,26,23,19,331174.3153968818,161.88919390505555,306884.46021407016,150.0178927785394
2026-03-24 00:00:00.000 UTC,7,7,14,8,10,70950.24518076277,33.15804841541244,67830.13996202959,31.69995073037062
2026-03-25 00:00:00.000 UTC,1,1,2,2,2,4.144918080835001,0.0019105554881884632,3.9980188164645143,0.0018428438987733668
2026-03-26 00:00:00.000 UTC,3,3,6,6,6,17991.900523900917,8.709094285695002,17103.095902285102,8.278834152511694
2026-03-27 00:00:00.000 UTC,43,43,86,84,51,6709423.089525732,3334.1824091745652,6333518.212096095,3147.732177551234
2026-03-28 00:00:00.000 UTC,2,2,4,4,4,1116.0282868438692,0.5607704600605163,1041.6661283656038,0.5234058827155458
2026-03-29 00:00:00.000 UTC,15,15,30,28,18,84640.86792127538,42.647420105955014,80658.4008659295,40.640833983447344
2026-03-30 00:00:00.000 UTC,5,5,10,10,8,85406.88570640795,41.69297005149991,81095.8266677807,39.58872456025002
