time_bucket,avg_total_collateral_base,avg_total_debt_base,avg_available_borrows_base,avg_current_liquidation_threshold,avg_ltv,sampled_user_count,account_data_call_count,user_state_observed,user_state_age
2025-04-01 00:00:00.000 UTC,101139269.53311454,41530811.84615004,41661461.569367275,0.8375,0.8125,4,4,True,0.0
2025-04-02 00:00:00.000 UTC,52392575.62821847,32115199.78458496,16609169.348717833,0.8646499999999999,0.8285833333333334,4,4,True,0.0
2025-04-03 00:00:00.000 UTC,30985352.042524926,9922406.56039747,14587083.393577036,0.7943666666666667,0.7693111111111112,14,29,True,0.0
2025-04-04 00:00:00.000 UTC,50138002.69030857,40422125.493808165,5059326.66294757,0.83546,0.800625,7,9,True,0.0
2025-04-05 00:00:00.000 UTC,93039856.5047017,57382177.4692676,23840016.10608027,0.915,0.89375,4,8,True,0.0
2025-04-06 00:00:00.000 UTC,31513488.509559173,12114153.419172222,12980327.43102304,0.8106424782969868,0.7802091238418445,60,108,True,0.0
2025-04-07 00:00:00.000 UTC,64618912.48105012,24296244.057117205,26720986.885757048,0.8198481863127765,0.7921297853239657,54,110,True,0.0
2025-04-08 00:00:00.000 UTC,53017737.27976921,22185619.623480093,20729086.356389884,0.8228521324354657,0.7976856341189674,14,47,True,0.0
2025-04-09 00:00:00.000 UTC,22387282.944290653,12730298.34390089,6195226.741933198,0.8412093121693123,0.8136553439153439,32,58,True,0.0
2025-04-10 00:00:00.000 UTC,63385428.61518971,26198650.480996657,24900502.74046688,0.8741842405063291,0.8506950421940929,10,93,True,0.0
2025-04-11 00:00:00.000 UTC,60631826.43563092,32650146.871620048,18236298.041032724,0.86226,0.8348000000000001,6,267,True,0.0
2025-04-12 00:00:00.000 UTC,120626224.06315891,54391284.5387819,42149401.51146112,0.819,0.7853333333333333,7,12,True,0.0
2025-04-13 00:00:00.000 UTC,76806477.91440949,40883462.951209836,21644890.761169575,0.8347760000000001,0.8086550000000001,7,110,True,0.0
2025-04-14 00:00:00.000 UTC,137254823.8403856,81363884.50201795,31078086.894964144,0.88,0.8575,7,10,True,0.0
2025-04-15 00:00:00.000 UTC,96775423.91601455,62840875.847735785,17997118.40242058,0.8638899999999999,0.8368400000000001,7,12,True,0.0
2025-04-16 00:00:00.000 UTC,63193691.189856395,36098637.99376726,14490392.478891976,0.8112038187255579,0.780618587531631,16,247,True,0.0
2025-04-17 00:00:00.000 UTC,43650700.11047351,37742181.9625812,2768463.1120511647,0.87555625,0.8458375,5,9,True,0.0
2025-04-18 00:00:00.000 UTC,38320452.86772051,30635945.27870996,4990392.3333026385,0.8899999999999999,0.8675,2,134,True,0.0
2025-04-19 00:00:00.000 UTC,43038756.80568336,34045641.27542144,5778953.22093285,0.8644164383561643,0.8379712328767124,3,74,True,0.0
2025-04-20 00:00:00.000 UTC,41135606.96232452,32905959.398748755,5349118.50412073,0.8642,0.83765,2,73,True,0.0
2025-04-21 00:00:00.000 UTC,46625396.69067967,27552997.974301916,10662802.785100734,0.8571872628726287,0.8321813008130081,12,172,True,0.0
2025-04-22 00:00:00.000 UTC,31713515.75512874,17723308.10989106,7942664.63441829,0.8214822922125564,0.7908132864086573,26,164,True,0.0
2025-04-23 00:00:00.000 UTC,34431481.16273044,21718175.46184112,7072937.72768199,0.8442299999999999,0.81312,8,72,True,0.0
2025-04-24 00:00:00.000 UTC,144594084.5654761,81467171.90928401,34059450.76042148,0.8320000000000001,0.8030000000000002,5,7,True,0.0
2025-04-25 00:00:00.000 UTC,24283901.332110245,19423030.79136308,3160237.16158399,0.87,0.8466666666666666,2,3,True,0.0
2025-04-26 00:00:00.000 UTC,47093746.805320896,38325215.130592115,5347094.116809048,0.9027843137254902,0.8810980392156863,4,89,True,0.0
2025-04-27 00:00:00.000 UTC,70064941.77179919,62589191.614102244,2571204.2336710114,0.95,0.93,4,5,True,0.0
2025-04-28 00:00:00.000 UTC,118368277.60690074,74177086.07135153,23115921.74998836,0.8916666666666666,0.8695833333333334,6,9,True,0.0
2025-04-29 00:00:00.000 UTC,47330099.763487466,28622974.81317842,10317941.098121816,0.855,0.83125,5,10,True,0.0
2025-04-30 00:00:00.000 UTC,12818286.786853565,9979603.009590138,1717775.75406504,0.7876530612244899,0.7620739795918368,6,121,True,0.0
2025-05-01 00:00:00.000 UTC,57549348.21681565,31063875.38951516,14594311.890300227,0.808,0.7760125,5,8,True,0.0
2025-05-02 00:00:00.000 UTC,114842135.72984512,70713640.94192316,23172650.8358915,0.8433583333333333,0.808125,5,7,True,0.0
2025-05-03 00:00:00.000 UTC,23874606.622651506,19095987.784503117,3107396.2304424,0.8899999999999999,0.8675,2,2,True,0.0
2025-05-04 00:00:00.000 UTC,47947365.78081531,38350206.86659689,6240843.30956135,0.95,0.93,1,1,True,0.0
2025-05-05 00:00:00.000 UTC,115044820.13483427,76383732.59286954,20299706.621277656,0.9026666666666667,0.8804333333333334,3,4,True,0.0
2025-05-06 00:00:00.000 UTC,89938407.98695105,49258508.24025968,21862416.467061717,0.8615124999999999,0.8374645833333334,6,173,True,0.0
2025-05-07 00:00:00.000 UTC,47952049.97655871,38353464.77294725,6241941.70525235,0.95,0.93,1,1,True,0.0
2025-05-08 00:00:00.000 UTC,37688110.50295999,21556161.51090722,8780808.469410356,0.8633101637362637,0.8377843659340659,57,209,True,0.0
2025-05-09 00:00:00.000 UTC,43476573.88723551,28321155.785943396,8268468.0216513835,0.889206734006734,0.865780260942761,33,221,True,0.0
2025-05-10 00:00:00.000 UTC,59834605.3669946,49955151.91475945,5021525.968318509,0.8945523809523809,0.8654595238095238,12,124,True,0.0
2025-05-11 00:00:00.000 UTC,66208209.0342362,52951603.9806122,8622030.42122747,0.95,0.93,1,1,True,0.0
2025-05-12 00:00:00.000 UTC,86179143.22393249,39508177.17806637,27383284.061040763,0.810625,0.7815541666666667,7,13,True,0.0
2025-05-13 00:00:00.000 UTC,47880809.64908272,32259238.1113602,8656135.850564716,0.558039264354067,0.5435545753588517,22,56,True,0.0
2025-05-14 00:00:00.000 UTC,37786394.833647005,22498469.397111177,8545924.2637443,0.5607166666666666,0.5399166666666667,6,10,True,0.0
2025-05-15 00:00:00.000 UTC,19051154.197451167,15521412.96223897,1462344.1739251788,0.32845520833333336,0.32029236111111115,7,25,True,0.0
2025-05-16 00:00:00.000 UTC,63069602.520158105,46123616.25683656,8680319.102356289,0.8456,0.8138833333333334,8,15,True,0.0
2025-05-17 00:00:00.000 UTC,63069602.520158105,46123616.25683656,8680319.102356289,0.8456,0.8138833333333334,0,0,False,1.0
2025-05-18 00:00:00.000 UTC,20677086.78595862,18700024.060834005,498214.9508251895,0.8496775,0.8195225,11,19,True,0.0
2025-05-19 00:00:00.000 UTC,46792670.97987057,19828024.942371696,17745811.153154977,0.8108733333333333,0.7670533333333334,6,9,True,0.0
2025-05-20 00:00:00.000 UTC,15686142.704453079,13824164.824437885,759712.3150621769,0.8689285714285714,0.84675,7,145,True,0.0
2025-05-21 00:00:00.000 UTC,24594014.97438619,8066634.174185431,10872770.944831371,0.8128125313283208,0.7762889724310778,11,33,True,0.0
2025-05-22 00:00:00.000 UTC,22639036.85949763,7432816.405186487,9917213.001858354,0.8204633333333333,0.78655,8,14,True,0.0
2025-05-23 00:00:00.000 UTC,35073686.32721533,27690700.17059803,3567011.4187464565,0.84027,0.8159858823529411,8,76,True,0.0
2025-05-24 00:00:00.000 UTC,16785698.078972634,14916100.206427408,692920.6209663817,0.8566666666666668,0.8333333333333334,4,7,True,0.0
2025-05-25 00:00:00.000 UTC,20919209.924511164,6167924.854705087,9678394.161459649,0.8070833333333334,0.7741666666666667,3,8,True,0.0
2025-05-26 00:00:00.000 UTC,119928238.1840933,96557659.98395601,10356159.861149626,0.8303125,0.796825,4,5,True,0.0
2025-05-27 00:00:00.000 UTC,67673434.3372,23866487.223219916,27978979.29110409,0.7850666666666667,0.7407333333333334,3,4,True,0.0
2025-05-28 00:00:00.000 UTC,119321953.11821616,45827183.57489209,45931398.37301614,0.7995,0.769,1,1,True,0.0
2025-05-29 00:00:00.000 UTC,117236820.2538083,85928793.85284612,19544492.967144124,0.8956999999999999,0.8725200000000001,6,137,True,0.0
2025-05-30 00:00:00.000 UTC,137440987.08920118,104648176.04120709,17889947.830926225,0.8528708333333332,0.8233083333333333,8,100,True,0.0
2025-05-31 00:00:00.000 UTC,24909935.840857428,9629131.000762738,9447826.267031929,0.8575645833333333,0.831265625,5,136,True,0.0
2025-06-01 00:00:00.000 UTC,112031559.87883312,102075995.0348943,2108796.1648403653,0.87,0.8466666666666667,7,81,True,0.0
2025-06-02 00:00:00.000 UTC,51032911.7997655,31846924.166513436,11272076.111262668,0.8734999999999999,0.849175,2,5,True,0.0
2025-06-03 00:00:00.000 UTC,203459377.6352795,187747941.38371167,1469279.817098267,0.8549999999999999,0.8370000000000001,5,6,True,0.0
2025-06-04 00:00:00.000 UTC,30049404.368123684,11806925.835818702,11478357.60904034,0.5332666666666667,0.5166000000000001,3,5,True,0.0
2025-06-05 00:00:00.000 UTC,84496228.4274009,72754362.0155743,4880340.859168199,0.875975,0.851225,6,35,True,0.0
2025-06-06 00:00:00.000 UTC,25223892.06126495,10209129.57217106,9566149.07640934,0.8507171957671957,0.8272251322751322,5,66,True,0.0
2025-06-07 00:00:00.000 UTC,25223892.06126495,10209129.57217106,9566149.07640934,0.8507171957671957,0.8272251322751322,0,0,False,1.0
2025-06-08 00:00:00.000 UTC,226847963.0768548,198158240.33416826,10265356.12913862,0.9124749999999999,0.891225,4,4,True,0.0
2025-06-09 00:00:00.000 UTC,69262357.07477506,49149915.7325026,11255377.844081566,0.8057944444444445,0.7723222222222222,9,15,True,0.0
2025-06-10 00:00:00.000 UTC,30516230.448132087,23979485.223962795,3485770.1658044197,0.8102690476190476,0.776447619047619,14,33,True,0.0
2025-06-11 00:00:00.000 UTC,2182795.563121408,1345924.1416918274,388140.02562316664,0.7889333333333334,0.7552166666666666,8,16,True,0.0
2025-06-12 00:00:00.000 UTC,2754415.092241018,2284716.826057148,255057.05816112022,0.8781333333333332,0.8537333333333332,8,84,True,0.0
2025-06-13 00:00:00.000 UTC,911402.1472008235,726856.5736259237,87955.30434895706,0.8995652173913044,0.8770869565217392,15,169,True,0.0
2025-06-14 00:00:00.000 UTC,155.370301685,0.0,116.527726265,0.78,0.75,1,2,True,0.0
2025-06-15 00:00:00.000 UTC,155.370301685,0.0,116.527726265,0.78,0.75,0,0,False,1.0
2025-06-16 00:00:00.000 UTC,174472.680767055,69419.88753754,67393.25332672,0.8103,0.78415,1,2,True,0.0
2025-06-17 00:00:00.000 UTC,1695784.5768007643,1390992.7718393449,183244.48190506516,0.9289130434782609,0.907608695652174,4,125,True,0.0
2025-06-18 00:00:00.000 UTC,1695784.5768007643,1390992.7718393449,183244.48190506516,0.9289130434782609,0.907608695652174,0,0,False,1.0
2025-06-19 00:00:00.000 UTC,38472772.87567487,13019517.502285872,17327217.954522446,0.82545,0.7902625000000001,6,29,True,0.0
2025-06-20 00:00:00.000 UTC,45263681.32555383,13191689.54390047,21889773.249591764,0.7998416666666668,0.7734333333333334,8,12,True,0.0
2025-06-21 00:00:00.000 UTC,1647790.7984687325,1320478.2433857261,171959.7626767191,0.7965007936507936,0.7597309523809525,24,51,True,0.0
2025-06-22 00:00:00.000 UTC,421885.1334160867,268117.44526097877,47322.06386270143,0.8034749999999999,0.7718625,7,15,True,0.0
2025-06-23 00:00:00.000 UTC,16492584.179607116,5559985.623131391,7351106.2412650315,0.69240625,0.6695104166666667,10,25,True,0.0
2025-06-24 00:00:00.000 UTC,58064.140626876666,26337.17212829375,12905.983812355835,0.7741666666666666,0.735,6,12,True,0.0
2025-06-25 00:00:00.000 UTC,10956417.87598503,9818744.313834654,370623.23588489037,0.812625,0.7950625,4,9,True,0.0
2025-06-26 00:00:00.000 UTC,8939397.21027105,3061959.7967882543,3875479.300953346,0.8387055555555555,0.8095013888888888,8,20,True,0.0
2025-06-27 00:00:00.000 UTC,8939397.21027105,3061959.7967882543,3875479.300953346,0.8387055555555555,0.8095013888888888,0,0,False,1.0
2025-06-28 00:00:00.000 UTC,23339444.53396642,20413398.36750466,925894.1031282367,0.865,0.8300000000000001,3,4,True,0.0
2025-06-29 00:00:00.000 UTC,19055137.257480893,7003484.643471286,7758693.261545453,0.7962333333333333,0.7563833333333334,3,7,True,0.0
2025-06-30 00:00:00.000 UTC,15186496.473411242,7012372.700163019,5298533.792242082,0.907985,0.8872350000000001,7,27,True,0.0
2025-07-01 00:00:00.000 UTC,29545693.298752252,11516051.36195043,11065070.688013166,0.784975,0.741225,3,3,True,0.0
2025-07-02 00:00:00.000 UTC,27917385.11570144,13594070.100767856,8974184.799737725,0.830646619047619,0.8039945714285714,21,39,True,0.0
2025-07-03 00:00:00.000 UTC,18949350.761671867,7129721.263024061,7462958.962837999,0.8441666666666667,0.7998166666666666,8,18,True,0.0
2025-07-04 00:00:00.000 UTC,48303772.686711065,18447623.572861627,18725558.935522195,0.82925,0.8043083333333333,5,6,True,0.0
2025-07-05 00:00:00.000 UTC,48303772.686711065,18447623.572861627,18725558.935522195,0.82925,0.8043083333333333,0,0,False,1.0
2025-07-06 00:00:00.000 UTC,28134.18558412,15361.79314122,7286.226254,0.83,0.805,1,1,True,0.0
2025-07-07 00:00:00.000 UTC,50059984.76142395,20503506.73357881,18169039.115807977,0.4954466666666667,0.4805133333333333,6,9,True,0.0
2025-07-08 00:00:00.000 UTC,38357091.29576953,14346357.163154835,15262165.383765442,0.7972111111111112,0.7606333333333334,4,5,True,0.0
2025-07-09 00:00:00.000 UTC,7956876.603030031,3170327.2897738456,2973093.337860764,0.8107972222222223,0.7795683333333334,16,29,True,0.0
2025-07-10 00:00:00.000 UTC,32697650.3066768,16419077.179925608,10115147.945488416,0.8255841666666667,0.7968397222222222,20,37,True,0.0
2025-07-11 00:00:00.000 UTC,41091351.367386036,17017964.77413697,14733324.512639085,0.8066140909090909,0.7780122727272727,11,19,True,0.0
2025-07-12 00:00:00.000 UTC,340851.9957613375,190921.94283287,87821.53868432701,0.88,0.8575,2,7,True,0.0
2025-07-13 00:00:00.000 UTC,171971.06958931335,71767.58013760667,66669.13088179,0.83,0.805,1,3,True,0.0
2025-07-14 00:00:00.000 UTC,34574450.84627941,14719993.005276617,12121356.238868326,0.7301809867909868,0.6997485101010101,22,71,True,0.0
2025-07-15 00:00:00.000 UTC,227960.68078225548,103114.21667954265,72493.96065602766,0.79299375,0.7516093749999999,13,24,True,0.0
2025-07-16 00:00:00.000 UTC,28691192.109819546,11974466.397895195,10443037.103018228,0.8284204938271604,0.8018592592592593,36,70,True,0.0
2025-07-17 00:00:00.000 UTC,873856.0815907767,269898.62910463766,402772.0334984135,0.7728787878787878,0.7353787878787879,11,20,True,0.0
2025-07-18 00:00:00.000 UTC,25886116.649390195,11434527.370291842,8826561.29489479,0.8523268516483518,0.8285428571428571,26,59,True,0.0
2025-07-19 00:00:00.000 UTC,97834538.2639588,51359055.09143512,27998287.587278012,0.8509875,0.8209875,5,5,True,0.0
2025-07-20 00:00:00.000 UTC,6836417.1036120225,5651752.5476014605,673576.3853451969,0.8675151515151516,0.843939393939394,18,53,True,0.0
2025-07-21 00:00:00.000 UTC,55103050.23061161,20439191.106814347,21971966.048879243,0.7461767901234568,0.7175545679012346,17,29,True,0.0
2025-07-22 00:00:00.000 UTC,62192195.37813681,24183393.07303438,24374161.582245123,0.6603766666666667,0.6428888888888888,9,25,True,0.0
2025-07-23 00:00:00.000 UTC,39296104.92333256,24062282.40146477,9509637.194899758,0.78178,0.7595500000000001,12,23,True,0.0
2025-07-24 00:00:00.000 UTC,4430747.898022237,2495237.68326071,1256228.052022575,0.904656826923077,0.8832877884615385,14,83,True,0.0
2025-07-25 00:00:00.000 UTC,30571591.85210493,10746658.664085364,13086214.44803313,0.9150785714285714,0.8942428571428572,11,62,True,0.0
2025-07-26 00:00:00.000 UTC,19287632.19766346,6808603.2270258535,8172119.845204119,0.866385,0.846845,7,13,True,0.0
2025-07-27 00:00:00.000 UTC,41896747.724194854,19573516.12251468,13970201.412029585,0.8078333333333334,0.7877666666666667,8,18,True,0.0
2025-07-28 00:00:00.000 UTC,36107251.88328129,13204941.117671626,14807728.72225502,0.7853138888888888,0.7563666666666666,10,19,True,0.0
2025-07-29 00:00:00.000 UTC,157091210.5676782,82793408.27953145,48212749.96895094,0.5578833333333333,0.54185,3,4,True,0.0
2025-07-30 00:00:00.000 UTC,5726652.412947336,2002548.6839603588,2443124.7700884156,0.8393571428571428,0.8145785714285714,10,27,True,0.0
2025-07-31 00:00:00.000 UTC,66112571.9264702,23803304.890985936,27626045.161272366,0.7758468986568987,0.7502553357753358,12,75,True,0.0
2025-08-01 00:00:00.000 UTC,27675436.423843812,10194153.319292631,11352722.025540356,0.8639030952380953,0.8405014285714285,21,36,True,0.0
2025-08-02 00:00:00.000 UTC,68953485.26687516,27541725.02476875,26579502.045499876,0.7399458333333334,0.7164319444444445,12,22,True,0.0
2025-08-03 00:00:00.000 UTC,69994933.8769144,28551815.648637258,25740879.34049815,0.8285346938775511,0.8055897959183673,10,24,True,0.0
2025-08-04 00:00:00.000 UTC,56632195.22873851,22331269.48927887,22130514.859721594,0.851815625,0.8295770833333334,12,19,True,0.0
2025-08-05 00:00:00.000 UTC,135419767.24684048,40491645.796413906,64337317.26828829,0.7620933858166922,0.738153081157194,11,113,True,0.0
2025-08-06 00:00:00.000 UTC,48144379.80240698,25527229.67506336,14525491.921568165,0.7718455555555555,0.7455844444444445,13,23,True,0.0
2025-08-07 00:00:00.000 UTC,96488125.58937015,31092559.484970104,43767461.631966665,0.8085016666666667,0.779195,17,32,True,0.0
2025-08-08 00:00:00.000 UTC,64743958.943456516,18662821.269594174,31607191.234464984,0.7693114999999999,0.7370598333333334,22,32,True,0.0
2025-08-09 00:00:00.000 UTC,25939703.546058413,6790767.762449025,13587393.485855578,0.8290011402027027,0.8044197212837838,39,87,True,0.0
2025-08-10 00:00:00.000 UTC,25728743.72930346,5394723.494194883,14467096.57538893,0.8255166666666667,0.7977277777777778,9,21,True,0.0
2025-08-11 00:00:00.000 UTC,50466756.51951799,12038492.250906842,27101066.514405157,0.7068116804407714,0.6856377134986226,24,51,True,0.0
2025-08-12 00:00:00.000 UTC,21566874.563895177,15255772.086102193,3703604.7516926304,0.7070123455332546,0.6888417447199265,59,180,True,0.0
2025-08-13 00:00:00.000 UTC,55639167.204678155,14532338.899140565,29201786.284346808,0.8600735116398159,0.8345329200177026,30,134,True,0.0
2025-08-14 00:00:00.000 UTC,10356419.434291968,2784061.0882292488,5237266.517370339,0.8421830769230769,0.8135951566951567,26,59,True,0.0
2025-08-15 00:00:00.000 UTC,69120792.45323125,7224432.868430982,44750579.80652614,0.8861119047619047,0.86165,29,53,True,0.0
2025-08-16 00:00:00.000 UTC,32645492.709732182,6900474.653896702,18391686.029871356,0.9233880952380952,0.9025047619047619,9,32,True,0.0
2025-08-17 00:00:00.000 UTC,4200678.462694281,887480.9498825986,2357342.9218461155,0.9176875,0.8941395833333333,13,39,True,0.0
2025-08-18 00:00:00.000 UTC,19935993.271961045,6321536.587486043,9533423.814836962,0.918420861111111,0.8946365833333333,30,69,True,0.0
2025-08-19 00:00:00.000 UTC,13359404.65941675,2614751.313322141,7443021.322885839,0.7826397222222222,0.7526876111111112,29,43,True,0.0
2025-08-20 00:00:00.000 UTC,51722678.608924605,13652535.70344033,26916278.767786633,0.7455145582812249,0.7270839586339587,22,43,True,0.0
2025-08-21 00:00:00.000 UTC,14393785.70809866,3408769.8344094446,7795036.01946469,0.7530270833333333,0.7323208333333333,18,30,True,0.0
2025-08-22 00:00:00.000 UTC,18513883.094708186,4869108.138275134,9642666.195366858,0.7335569128787879,0.7118337436868687,32,65,True,0.0
2025-08-23 00:00:00.000 UTC,103253819.90705721,21199162.186157543,58719662.7104714,0.6661125,0.64623125,7,24,True,0.0
2025-08-24 00:00:00.000 UTC,10536984.982201127,4231276.6665880745,4364916.693295301,0.8922818027210885,0.868013469387755,24,38,True,0.0
2025-08-25 00:00:00.000 UTC,32561041.298085846,6976484.93962185,18098095.882125188,0.8143777210884354,0.7831540816326531,18,27,True,0.0
2025-08-26 00:00:00.000 UTC,46109416.95983863,9852479.679208463,25921650.102085948,0.8428625,0.8157208333333333,11,14,True,0.0
2025-08-27 00:00:00.000 UTC,14296021.413851194,4827370.457717637,6603999.594211034,0.8799388888888888,0.85715,7,9,True,0.0
2025-08-28 00:00:00.000 UTC,13186648.92024831,12170213.84242923,120938.22525769938,0.885875,0.863375,9,12,True,0.0
2025-08-29 00:00:00.000 UTC,50624027.21239748,15967074.76627529,24381078.97777261,0.8733952380952381,0.8481332010582011,21,32,True,0.0
2025-08-30 00:00:00.000 UTC,49856774.3943676,11449636.597336896,27362714.406342782,0.8323125,0.8072625,4,6,True,0.0
2025-08-31 00:00:00.000 UTC,61414689.3351833,32355160.934125353,19691629.659294922,0.9165,0.8956166666666667,5,6,True,0.0
2025-09-01 00:00:00.000 UTC,96887228.95146362,20983750.060130756,53589859.25368518,0.8005333333333333,0.7693,11,13,True,0.0
2025-09-02 00:00:00.000 UTC,116515155.81419146,27969493.777369432,62208593.02211214,0.7920125,0.7581625000000001,9,12,True,0.0
2025-09-03 00:00:00.000 UTC,96477362.81287213,21977555.251850996,52898855.17788755,0.8305720000000001,0.8012499999999999,14,30,True,0.0
2025-09-04 00:00:00.000 UTC,176216824.12339404,38513470.53388371,97682789.8465483,0.8145264285714287,0.78813,10,15,True,0.0
2025-09-05 00:00:00.000 UTC,129363163.76301132,35264290.566324905,66276941.5715952,0.8420500000000001,0.8179528571428571,11,21,True,0.0
2025-09-06 00:00:00.000 UTC,54441596.69962443,20305789.801574826,23054733.948629938,0.8658095238095239,0.8439047619047619,9,21,True,0.0
2025-09-07 00:00:00.000 UTC,91156929.148668,27036010.092284285,43610764.85992493,0.8485714285714285,0.8241071428571428,8,16,True,0.0
2025-09-08 00:00:00.000 UTC,131346791.03962842,49606153.045272514,52870272.4640572,0.8394285714285715,0.8147857142857143,13,21,True,0.0
2025-09-09 00:00:00.000 UTC,40814544.09546144,19059558.594934884,13052352.787125308,0.878014015935755,0.854310082188343,28,221,True,0.0
2025-09-10 00:00:00.000 UTC,112908694.46671528,49850238.38968512,37693884.706023216,0.7879936507936508,0.7614857142857142,9,18,True,0.0
2025-09-11 00:00:00.000 UTC,77159062.65117864,35429666.53206773,23890848.72660721,0.8659418367346939,0.838097619047619,9,35,True,0.0
2025-09-12 00:00:00.000 UTC,33093687.425682507,20313307.435786214,7120991.274488474,0.8280724489795919,0.7961565306122449,18,31,True,0.0
2025-09-13 00:00:00.000 UTC,59508591.58550471,26875229.556830965,19602070.91772009,0.8304199999999999,0.79942,5,6,True,0.0
2025-09-14 00:00:00.000 UTC,81180474.72063787,36092376.53957452,27170179.303264532,0.8001944444444445,0.7654722222222222,8,10,True,0.0
2025-09-15 00:00:00.000 UTC,218446815.0671375,104574334.97241426,64856151.680227645,0.7980777777777778,0.7689111111111111,7,15,True,0.0
2025-09-16 00:00:00.000 UTC,84642345.59756072,48431528.529888414,19665879.970991895,0.7452916666666667,0.7174675925925925,21,23,True,0.0
2025-09-17 00:00:00.000 UTC,118953421.1542232,59310082.23160225,36265650.45682023,0.8225357142857143,0.7928928571428572,9,11,True,0.0
2025-09-18 00:00:00.000 UTC,141320532.08897632,73510433.60506047,37975116.69589583,0.8321305555555556,0.8027787037037037,13,32,True,0.0
2025-09-19 00:00:00.000 UTC,174320177.096621,156210676.1468894,4111025.451230114,0.8684510416666666,0.843503125,15,42,True,0.0
2025-09-20 00:00:00.000 UTC,187314467.2493893,84861688.43834406,61136162.50889315,0.8344,0.8110666666666667,3,4,True,0.0
2025-09-21 00:00:00.000 UTC,161713437.84306967,73316548.8871601,52505430.24398652,0.824975,0.8008083333333333,5,7,True,0.0
2025-09-22 00:00:00.000 UTC,137379669.81717324,75176532.41466379,35360520.37234257,0.8374892592592593,0.8131374074074074,21,66,True,0.0
2025-09-23 00:00:00.000 UTC,124840958.79589555,61709350.77895242,35121476.26707191,0.7987935064935066,0.7673266233766233,13,30,True,0.0
2025-09-24 00:00:00.000 UTC,77572665.35918136,40826811.146641195,19675918.565750536,0.8466366666666666,0.8204633333333333,18,31,True,0.0
2025-09-25 00:00:00.000 UTC,15452765.962772565,8600321.792498615,3606910.553545334,0.8398829632173382,0.8130727716727716,39,104,True,0.0
2025-09-26 00:00:00.000 UTC,137792814.7087518,70274091.82814808,36096924.808263704,0.7537642857142857,0.727225,10,25,True,0.0
2025-09-27 00:00:00.000 UTC,116354217.91960926,59228331.40802917,31314339.07179587,0.7926638888888888,0.7717555555555555,9,14,True,0.0
2025-09-28 00:00:00.000 UTC,60814983.35609184,30526670.68457602,16503490.90678058,0.8153525,0.7812368749999999,12,31,True,0.0
2025-09-29 00:00:00.000 UTC,110788769.49482012,56889868.54870844,28939167.52217849,0.8083402777777778,0.7787738888888889,12,20,True,0.0
2025-09-30 00:00:00.000 UTC,133078306.89603424,95288279.85788932,17878658.164901886,0.769765451388889,0.7392694444444444,19,39,True,0.0
2025-10-01 00:00:00.000 UTC,44715583.185150765,23839579.324214343,10542970.829571528,0.7458354545454546,0.7124166666666667,19,33,True,0.0
2025-10-02 00:00:00.000 UTC,40523212.38193321,21792320.632025484,9377055.11125454,0.8009170370370371,0.7674812962962964,17,33,True,0.0
2025-10-03 00:00:00.000 UTC,42819893.636004165,22480932.039307684,10598192.689500172,0.81533,0.7776466666666667,9,15,True,0.0
2025-10-04 00:00:00.000 UTC,42650630.400573514,39344981.97521514,305014.4853953255,0.8558333333333333,0.8191666666666667,8,28,True,0.0
2025-10-05 00:00:00.000 UTC,50276560.356126495,42061667.70280872,3370945.067302425,0.8857075,0.85981,12,25,True,0.0
2025-10-06 00:00:00.000 UTC,90850011.32369372,40333484.1848952,29900651.03956309,0.8360107142857143,0.8066380952380953,10,17,True,0.0
2025-10-07 00:00:00.000 UTC,42386177.25937872,23319001.173771966,10595996.285071496,0.8507750000000001,0.81975,10,30,True,0.0
2025-10-08 00:00:00.000 UTC,56928158.22290861,26797466.946733467,17359261.960865583,0.8187769230769231,0.7852925574425574,14,158,True,0.0
2025-10-09 00:00:00.000 UTC,4469453.431454307,3443457.1006574314,445864.1412467833,0.8939444444444445,0.8668712121212122,20,45,True,0.0
2025-10-10 00:00:00.000 UTC,8308828.04735897,3778641.524194388,2641777.4573741076,0.7243146150793651,0.6964045317460318,50,90,True,0.0
2025-10-11 00:00:00.000 UTC,73841359.13898325,36956880.02995631,19984369.467519823,0.8307453282828283,0.8021888888888888,21,35,True,0.0
2025-10-12 00:00:00.000 UTC,83430786.23080651,42775875.21552116,21488293.52141854,0.8179637896825397,0.7916681547619048,25,47,True,0.0
2025-10-13 00:00:00.000 UTC,45411166.449322484,25575825.382353943,9859599.469032867,0.800837037037037,0.7700462962962963,18,28,True,0.0
2025-10-14 00:00:00.000 UTC,47115897.599376164,24492350.548360858,11762623.466250822,0.624090625,0.6002604166666666,15,23,True,0.0
2025-10-15 00:00:00.000 UTC,71916375.237748,37494006.25327971,17845142.31921673,0.8152479166666666,0.7832,13,14,True,0.0
2025-10-16 00:00:00.000 UTC,64139975.87281525,33223337.38846637,16022356.098989869,0.8296803030303029,0.7972530303030303,12,19,True,0.0
2025-10-17 00:00:00.000 UTC,85175045.93903376,44777138.37330672,20748037.325093955,0.8271459821428572,0.7965591964285714,21,35,True,0.0
2025-10-18 00:00:00.000 UTC,7635101.002282602,3861919.0815434693,2065728.3665167375,0.9001277777777777,0.8793500000000001,7,14,True,0.0
2025-10-19 00:00:00.000 UTC,27897933.172215544,14680013.575270757,6774348.542748388,0.6585,0.6409687500000001,12,23,True,0.0
2025-10-20 00:00:00.000 UTC,91141265.9792684,46220853.09820755,23905513.35825666,0.806345,0.77577,7,14,True,0.0
2025-10-21 00:00:00.000 UTC,62748657.44087415,42342027.611337006,9832026.62032127,0.7312823717948718,0.7049464743589744,15,32,True,0.0
2025-10-22 00:00:00.000 UTC,89618008.0907894,46763577.94111009,22044905.399267744,0.824075,0.7961854166666666,12,16,True,0.0
2025-10-23 00:00:00.000 UTC,74552783.9587094,38973070.813555546,17702837.050129164,0.8491857142857143,0.8176857142857142,9,14,True,0.0
2025-10-24 00:00:00.000 UTC,78120760.94097349,41930867.84224141,17095666.08896389,0.8265,0.789875,4,6,True,0.0
2025-10-25 00:00:00.000 UTC,101574830.4674752,56814325.56052804,21368273.67843941,0.87305,0.84985,4,12,True,0.0
2025-10-26 00:00:00.000 UTC,95707.20441533375,64130.15792157875,13014.070100047917,0.8474999999999999,0.8175,7,11,True,0.0
2025-10-27 00:00:00.000 UTC,76119649.07180677,49355788.15875255,13203915.212254519,0.8065177777777778,0.7649900000000001,9,18,True,0.0
2025-10-28 00:00:00.000 UTC,32791462.893551532,16697273.02993452,8537908.392900752,0.8510166666666666,0.8232666666666667,5,9,True,0.0
2025-10-29 00:00:00.000 UTC,41921118.42053277,20987160.899341874,11268053.908717409,0.7400859073359073,0.7194623552123552,10,87,True,0.0
2025-10-30 00:00:00.000 UTC,46720563.15740835,23977352.850245647,11991174.87570933,0.8229559523809524,0.7915235119047619,18,38,True,0.0
2025-10-31 00:00:00.000 UTC,40724099.755213365,21957108.876263347,9621583.748617569,0.90845,0.8867357142857143,12,17,True,0.0
2025-11-01 00:00:00.000 UTC,61920098.27339064,32436051.19988123,15218258.343877593,0.8986666666666666,0.8765333333333333,3,5,True,0.0
2025-11-02 00:00:00.000 UTC,15491310.625207482,8121412.727013937,3801335.074485461,0.9071666666666667,0.8853833333333334,5,9,True,0.0
2025-11-03 00:00:00.000 UTC,244358.4331636524,166728.45333400354,27923.487158299286,0.8458309523809523,0.821425,18,30,True,0.0
2025-11-04 00:00:00.000 UTC,41282439.979904704,19667115.859635673,12052619.06652568,0.8041464045214045,0.7718059523809523,73,128,True,0.0
2025-11-05 00:00:00.000 UTC,21173648.095863856,11183829.342995651,5324384.375921344,0.8242955382395383,0.7965259393939395,27,55,True,0.0
2025-11-06 00:00:00.000 UTC,18787403.76079161,10015067.230107494,4347258.1312999725,0.8166733333333334,0.7910666666666667,13,23,True,0.0
2025-11-07 00:00:00.000 UTC,28950594.724317122,14621462.555606939,7456526.429874855,0.8144374999999999,0.7876666666666666,11,15,True,0.0
2025-11-08 00:00:00.000 UTC,65565010.80478763,33111556.61292962,16881764.12572094,0.7907,0.7625,1,1,True,0.0
2025-11-09 00:00:00.000 UTC,11052819.038029343,5629733.942106646,2803725.5431988765,0.7932055555555556,0.7661444444444445,10,22,True,0.0
2025-11-10 00:00:00.000 UTC,23024717.727647245,8667112.87726529,9075471.341618147,0.8404233333333333,0.81547375,15,28,True,0.0
2025-11-11 00:00:00.000 UTC,14614558.58168295,6963406.3785066325,4508633.027600817,0.81526,0.7902466666666668,7,9,True,0.0
2025-11-12 00:00:00.000 UTC,19728109.950293485,10288373.27687497,5099158.100987878,0.8365500000000001,0.8095933333333333,7,8,True,0.0
2025-11-13 00:00:00.000 UTC,5362617.901476463,2168404.9793891036,2000936.4201056394,0.8041603846153846,0.7737410256410256,18,30,True,0.0
2025-11-14 00:00:00.000 UTC,6874190.088008006,3399477.3716570847,1921438.0732846856,0.6904908673469388,0.6609745918367347,16,30,True,0.0
2025-11-15 00:00:00.000 UTC,6874190.088008006,3399477.3716570847,1921438.0732846856,0.6904908673469388,0.6609745918367347,0,0,False,1.0
2025-11-16 00:00:00.000 UTC,554082.1586066535,368305.4338988754,62802.175609112855,0.8137427272727272,0.7860336363636364,16,30,True,0.0
2025-11-17 00:00:00.000 UTC,3093646.1596782394,1374134.8563775225,1009190.4538701919,0.8382201904761905,0.8074686666666666,20,39,True,0.0
2025-11-18 00:00:00.000 UTC,22030579.524275552,9578718.6974951,7352128.282583713,0.8067690476190477,0.7745119047619048,11,18,True,0.0
2025-11-19 00:00:00.000 UTC,120631.22005984519,62841.598149756,30388.343382535724,0.8165759615384616,0.7875121503496504,19,38,True,0.0
2025-11-20 00:00:00.000 UTC,14040680.462063685,7585095.500660901,3236320.80712118,0.8244731116584565,0.7915395320197044,27,94,True,0.0
2025-11-21 00:00:00.000 UTC,5281926.617090374,2878244.2226024442,1025922.328145529,0.817889390077243,0.7837354647454942,52,91,True,0.0
2025-11-22 00:00:00.000 UTC,10580306.329917077,3696559.094745236,4502868.766114707,0.8844276056338028,0.859714647887324,6,79,True,0.0
2025-11-23 00:00:00.000 UTC,12348147.788032046,6352629.680558435,3504792.472951181,0.7024,0.6726285714285715,11,26,True,0.0
2025-11-24 00:00:00.000 UTC,10680462.908883851,3854457.2468789173,4373367.62922887,0.8232871212121212,0.7928325757575757,18,28,True,0.0
2025-11-25 00:00:00.000 UTC,11020160.654895388,2815420.5920548686,5784549.046669479,0.8522277777777778,0.8275222222222222,8,11,True,0.0
2025-11-26 00:00:00.000 UTC,21460338.379190028,15065595.802608306,3499205.4601328373,0.8805282591540404,0.8587844539141414,19,51,True,0.0
2025-11-27 00:00:00.000 UTC,9351869.39000087,3807716.669488138,3532591.3873255486,0.7169766666666667,0.6912691666666667,11,19,True,0.0
2025-11-28 00:00:00.000 UTC,8284033.081428068,6192993.606031173,1007239.4759157614,0.8425967803030303,0.8163524621212122,8,40,True,0.0
2025-11-29 00:00:00.000 UTC,1123363.5666801871,517276.11070110503,415280.77494490234,0.5550555555555555,0.5308888888888889,4,7,True,0.0
2025-11-30 00:00:00.000 UTC,1123363.5666801871,517276.11070110503,415280.77494490234,0.5550555555555555,0.5308888888888889,0,0,False,1.0
2025-12-01 00:00:00.000 UTC,5665303.943375735,2622041.235880113,1750021.9455220734,0.7937651041666667,0.76212109375,21,46,True,0.0
2025-12-02 00:00:00.000 UTC,4233709.746994692,1849244.2194038248,1431053.2697105042,0.83005,0.8014795454545455,14,21,True,0.0
2025-12-03 00:00:00.000 UTC,2481695.695671561,1201922.2644242242,673221.0406183867,0.8421503296703297,0.8126249450549452,22,34,True,0.0
2025-12-04 00:00:00.000 UTC,9036421.012729198,2199635.857843186,4636403.603723543,0.8279799999999999,0.79448,8,11,True,0.0
2025-12-05 00:00:00.000 UTC,8021610.52562001,1098032.836578951,4377737.89256262,0.752605,0.704475,6,8,True,0.0
2025-12-06 00:00:00.000 UTC,19303416.505932845,4808598.136332529,9526426.838212075,0.76928,0.72898,6,6,True,0.0
2025-12-07 00:00:00.000 UTC,6228249.542234217,1203334.2866080613,3345726.8006787263,0.82775,0.795125,11,20,True,0.0
2025-12-08 00:00:00.000 UTC,13930713.714670943,2654093.5581592266,7527545.503028185,0.7984833333333334,0.75775,4,6,True,0.0
2025-12-09 00:00:00.000 UTC,14218182.22209438,5621217.146089715,5596245.36031245,0.8128330687830688,0.7789142857142858,20,39,True,0.0
2025-12-10 00:00:00.000 UTC,82672141.65876886,47373117.622377604,18645661.57305265,0.8293200000000001,0.79468,9,17,True,0.0
2025-12-11 00:00:00.000 UTC,47136426.198612414,41809812.85465691,1440647.6933008188,0.8767424242424242,0.8481628787878788,13,19,True,0.0
2025-12-12 00:00:00.000 UTC,18293358.215733454,14690474.266115792,1574788.5854300829,0.8600704545454545,0.8308079545454545,10,27,True,0.0
2025-12-13 00:00:00.000 UTC,262777.16067553,108127.080753625,87188.297967355,0.7873,0.7434,1,2,True,0.0
2025-12-14 00:00:00.000 UTC,37363.732731018616,19612.368336380416,10449.29002464,0.8279166666666665,0.801875,5,15,True,0.0
2025-12-15 00:00:00.000 UTC,3084646.0170707777,1194352.0188408312,1203706.705162851,0.8219544871794872,0.7957073717948718,20,39,True,0.0
2025-12-16 00:00:00.000 UTC,3123971.909228719,1182415.697973758,1274861.3199811468,0.8180270833333333,0.7909594170026881,18,155,True,0.0
2025-12-17 00:00:00.000 UTC,1391294.3636357852,856060.3176610236,264022.94139619457,0.855375,0.8300625,10,25,True,0.0
2025-12-18 00:00:00.000 UTC,541642.9688564199,345313.70915767533,43974.649186661336,0.8483833333333333,0.82309,8,12,True,0.0
2025-12-19 00:00:00.000 UTC,5742406.562782595,3280268.3473887015,913869.0880282752,0.9019999999999999,0.8754166666666666,7,17,True,0.0
2025-12-20 00:00:00.000 UTC,5742406.562782595,3280268.3473887015,913869.0880282752,0.9019999999999999,0.8754166666666666,0,0,False,1.0
2025-12-21 00:00:00.000 UTC,182287.58045468997,134869.401611405,12180.61053883,0.8899999999999999,0.8675,2,4,True,0.0
2025-12-22 00:00:00.000 UTC,92988.81981663799,63457.094530737995,2485.444704382,0.6719999999999999,0.648,5,9,True,0.0
2025-12-23 00:00:00.000 UTC,12719673.976249775,4631964.909662965,5344397.92004529,0.7986875,0.7718125,3,5,True,0.0
2025-12-24 00:00:00.000 UTC,6865172.9895057315,2699854.85810543,2708871.418734863,0.8299666666666666,0.7949666666666667,3,6,True,0.0
2025-12-25 00:00:00.000 UTC,7095239.969549399,2951720.180578183,2603420.9181777583,0.7444166666666666,0.726,3,6,True,0.0
2025-12-26 00:00:00.000 UTC,13543085.178711915,6191157.407609761,4438205.050320405,0.7899333333333333,0.7566,3,5,True,0.0
2025-12-27 00:00:00.000 UTC,4840.3629996,0.0,4501.53758962,0.95,0.93,1,2,True,0.0
2025-12-28 00:00:00.000 UTC,4863.08918402,0.0,4522.67294113,0.95,0.93,2,4,True,0.0
2025-12-29 00:00:00.000 UTC,18898770.98895276,6341612.232116078,9203546.007110296,0.8292666666666667,0.8045277777777778,9,14,True,0.0
2025-12-30 00:00:00.000 UTC,27461536.043359105,12050618.109224854,11891948.442399342,0.861202380952381,0.8353071428571429,9,15,True,0.0
2025-12-31 00:00:00.000 UTC,36936285.17244155,16333340.05238799,15422023.992027914,0.8511,0.8279625,5,5,True,0.0
2026-01-01 00:00:00.000 UTC,20368400.832346857,10237121.886630684,5750035.9266783595,0.8099,0.7849,3,3,True,0.0
2026-01-02 00:00:00.000 UTC,4492033.614006971,2448723.7672022916,1520511.727303601,0.8770375,0.8539625,7,14,True,0.0
2026-01-03 00:00:00.000 UTC,30364.65012946167,21690.989440136334,2810.8639204026667,0.85124,0.8224933333333333,7,12,True,0.0
2026-01-04 00:00:00.000 UTC,8492.121161395555,2648.07926724,4578.225314437778,0.9033333333333333,0.8787777777777778,5,5,True,0.0
2026-01-05 00:00:00.000 UTC,20856552.463189244,12467632.48286256,6142037.248586809,0.8511083333333334,0.8218358465608466,16,39,True,0.0
2026-01-06 00:00:00.000 UTC,5275191.541990011,2523615.8314515306,2221630.0346803595,0.7396174603174602,0.7137073412698413,14,24,True,0.0
2026-01-07 00:00:00.000 UTC,9110136.706290882,4054659.5156525793,4001609.3011302194,0.8420425,0.8148960000000001,16,24,True,0.0
2026-01-08 00:00:00.000 UTC,5983308.625778561,2566266.6930583986,2485052.684913711,0.8721388888888888,0.8523944444444445,21,31,True,0.0
2026-01-09 00:00:00.000 UTC,12089060.372260362,5856138.628749026,4713943.670700456,0.8356619047619047,0.8131419642857143,12,23,True,0.0
2026-01-10 00:00:00.000 UTC,5920244.242414624,2466551.5102811996,2044440.4598539497,0.8243333333333333,0.7954333333333333,11,20,True,0.0
2026-01-11 00:00:00.000 UTC,1062791.9864003018,651750.5394168193,134300.2541325984,0.8537641666666667,0.8282683333333334,9,34,True,0.0
2026-01-12 00:00:00.000 UTC,10787220.887053685,6247996.08731965,3405697.0443554404,0.8463911904761905,0.8213173412698412,19,32,True,0.0
2026-01-13 00:00:00.000 UTC,18010705.23565291,12382220.33029321,3533892.9419669975,0.8499591005291006,0.8212617195767197,29,60,True,0.0
2026-01-14 00:00:00.000 UTC,19132966.524151172,12784458.509413283,4120845.7014139625,0.8431352813852814,0.8142898268398269,30,56,True,0.0
2026-01-15 00:00:00.000 UTC,7020538.413276525,4111758.548740033,1854215.8212205044,0.8530791666666666,0.82856875,15,20,True,0.0
2026-01-16 00:00:00.000 UTC,14853019.438440239,11339971.538228504,1625714.4424538922,0.8691038461538462,0.8425213675213675,14,28,True,0.0
2026-01-17 00:00:00.000 UTC,15115538.851280127,10510498.493566647,2826260.3108606315,0.86376875,0.8399791666666667,6,9,True,0.0
2026-01-18 00:00:00.000 UTC,17.2392394425,10.362635314999999,3.45159949,0.826675,0.80135,2,3,True,0.0
2026-01-19 00:00:00.000 UTC,13085266.438086677,6168572.72766936,5030309.176453654,0.8663711111111111,0.8428111111111111,10,14,True,0.0
2026-01-20 00:00:00.000 UTC,11314228.141672947,9412354.428213889,444564.3934062474,0.7290704365079366,0.7021470238095238,20,36,True,0.0
2026-01-21 00:00:00.000 UTC,8948426.627274595,4517893.347071748,2621080.6490866407,0.8252055555555555,0.7948194444444445,17,29,True,0.0
2026-01-22 00:00:00.000 UTC,32841804.817937925,17809879.19692078,11214804.242278151,0.8936833333333333,0.8692166666666666,6,8,True,0.0
2026-01-23 00:00:00.000 UTC,17406082.633744437,12402892.35095985,2611222.2880193912,0.8593055555555557,0.8347000000000001,12,15,True,0.0
2026-01-24 00:00:00.000 UTC,16991525.92583949,9866913.724537564,2867654.2981232605,0.7907333333333333,0.7516333333333334,3,3,True,0.0
2026-01-25 00:00:00.000 UTC,2708702.233353663,1334289.5868297888,787525.7992526124,0.8044916666666666,0.773272619047619,13,23,True,0.0
2026-01-26 00:00:00.000 UTC,62629387.163196385,34428297.345328666,21087374.92199761,0.84495,0.8207833333333334,7,8,True,0.0
2026-01-27 00:00:00.000 UTC,7949534.849467914,6163778.671384349,903067.5066385579,0.7934888888888889,0.7671277777777779,14,23,True,0.0
2026-01-28 00:00:00.000 UTC,3691476.3407808472,1522676.6262566666,1374138.6834240865,0.821797619047619,0.7943902116402116,19,29,True,0.0
2026-01-29 00:00:00.000 UTC,970842.0362756394,438929.5582945315,330178.23061805085,0.7955078571428571,0.7656953571428572,16,27,True,0.0
2026-01-30 00:00:00.000 UTC,7650929.891087798,3275681.672797729,3323924.3428328023,0.7965953007518797,0.7650471553884712,31,53,True,0.0
2026-01-31 00:00:00.000 UTC,13511692.353314718,9750750.320635913,856322.2652576404,0.7998128987993139,0.7717053887935963,82,190,True,0.0
2026-02-01 00:00:00.000 UTC,4783177.829523627,3200912.9620229634,552931.7078478868,0.7965891065493647,0.7677637634408602,47,92,True,0.0
2026-02-02 00:00:00.000 UTC,18539151.250486903,9203084.138578745,6285920.008500534,0.7348058672593556,0.7076517003668167,52,85,True,0.0
2026-02-03 00:00:00.000 UTC,2421955.2134375167,1030057.2891190647,838024.8634858917,0.6766474104683196,0.6564245247933885,36,72,True,0.0
2026-02-04 00:00:00.000 UTC,5093527.387195433,1478839.8021692089,2454325.943215393,0.7669911904761906,0.7309078571428571,35,56,True,0.0
2026-02-05 00:00:00.000 UTC,12753890.238646323,3963398.4955078806,6056308.145207323,0.7593029075978527,0.7268103569465078,148,286,True,0.0
2026-02-06 00:00:00.000 UTC,13384686.169385208,6620144.904726558,4910558.384990548,0.8252276544667453,0.7943285202676111,70,135,True,0.0
2026-02-07 00:00:00.000 UTC,11470163.590997072,5330334.716991001,3383936.7496201694,0.8394919696969697,0.8075880303030303,23,87,True,0.0
2026-02-08 00:00:00.000 UTC,18327367.26470741,7403664.977458815,6464147.084103762,0.8587904761904762,0.8282178571428572,10,26,True,0.0
2026-02-09 00:00:00.000 UTC,13141693.667091133,6122531.370831255,3712160.4066540413,0.801625,0.7734125000000001,11,15,True,0.0
2026-02-10 00:00:00.000 UTC,12574343.666707756,6207256.24638725,3475136.8642379083,0.8246466666666666,0.7923766666666666,14,19,True,0.0
2026-02-11 00:00:00.000 UTC,3972387.8061911017,1925757.5636327658,1034690.7234249959,0.7594942355889724,0.725680701754386,32,49,True,0.0
2026-02-12 00:00:00.000 UTC,4722004.800628114,3128587.441860719,712544.230556966,0.7988558888888889,0.7686745555555555,22,35,True,0.0
2026-02-13 00:00:00.000 UTC,10820329.009855732,5831490.421187799,2309770.668404892,0.79530625,0.76181875,20,26,True,0.0
2026-02-14 00:00:00.000 UTC,7449494.203329606,3666040.8560419115,1926190.7749765597,0.8059010416666667,0.774784375,12,19,True,0.0
2026-02-15 00:00:00.000 UTC,4667521.367813161,2902306.137701691,745344.5580622698,0.8289444444444444,0.799462962962963,17,22,True,0.0
2026-02-16 00:00:00.000 UTC,1897538.0007270721,1047991.0799819638,373638.5954777942,0.796247619047619,0.7653857142857142,10,15,True,0.0
2026-02-17 00:00:00.000 UTC,9317163.938787702,4976743.698151987,1989351.3918589475,0.8359243386243386,0.8039035714285715,16,25,True,0.0
2026-02-18 00:00:00.000 UTC,9489164.776013834,5925992.876136389,1696940.0966781634,0.8445555555555555,0.8101111111111111,9,13,True,0.0
2026-02-19 00:00:00.000 UTC,9258761.303381579,5438477.653332278,1338436.0397347147,0.7963333333333333,0.7571972222222222,11,16,True,0.0
2026-02-20 00:00:00.000 UTC,46370249.99390082,23773377.43573678,17349437.59317065,0.8324,0.8008599999999999,7,9,True,0.0
2026-02-21 00:00:00.000 UTC,2543.652426105,1907.659860005,335.84157981500005,0.902,0.882,2,2,True,0.0
2026-02-22 00:00:00.000 UTC,33279916.31668527,15596127.855319666,13826374.258209247,0.8057142857142858,0.7745476190476192,9,18,True,0.0
2026-02-23 00:00:00.000 UTC,4924767.526265442,4381033.73605788,129338.73641906973,0.8060529924242423,0.7770555681818182,26,49,True,0.0
2026-02-24 00:00:00.000 UTC,4342244.448293749,3604152.4854768994,165677.45907706028,0.7913171957671958,0.7578489417989418,25,45,True,0.0
2026-02-25 00:00:00.000 UTC,7830454.229958105,4493235.749060393,2484693.028704828,0.8200678571428571,0.7912045634920636,40,63,True,0.0
2026-02-26 00:00:00.000 UTC,165010.08440798265,21962.899055535,101795.7145792745,0.81175,0.78425,4,10,True,0.0
2026-02-27 00:00:00.000 UTC,885491.2439996756,558366.1265362889,144515.21546086605,0.84744,0.8202999999999999,11,19,True,0.0
2026-02-28 00:00:00.000 UTC,48809613.761436515,28047496.905118387,16058538.462246433,0.8524313725490197,0.826321568627451,15,28,True,0.0
2026-03-01 00:00:00.000 UTC,42608208.8790786,23557824.763400957,14787141.32829403,0.85,0.8225000000000001,13,19,True,0.0
2026-03-02 00:00:00.000 UTC,328998.4461926575,210074.03813785425,32334.580069225245,0.80625,0.774375,10,14,True,0.0
2026-03-03 00:00:00.000 UTC,101179.51619684347,8333.717364532778,68278.77169274431,0.89375,0.8714583333333333,8,19,True,0.0
2026-03-04 00:00:00.000 UTC,19155083.00103066,10678443.956377648,6515783.482655531,0.7992641666666667,0.7697866666666666,31,44,True,0.0
2026-03-05 00:00:00.000 UTC,2230894.427438109,2034649.3342856772,27535.626435879058,0.6627857142857143,0.6441168831168831,12,25,True,0.0
2026-03-06 00:00:00.000 UTC,394714.61019133683,255402.25737115522,37802.85540906511,0.6441788819875777,0.6189837474120082,26,40,True,0.0
2026-03-07 00:00:00.000 UTC,345923.8836674235,236600.08221893053,16974.463837621497,0.6940000000000001,0.669,5,13,True,0.0
2026-03-08 00:00:00.000 UTC,239077.7800806035,117238.96939649143,56327.87333167066,0.5750595238095237,0.5490178571428571,13,22,True,0.0
2026-03-09 00:00:00.000 UTC,1250504.190564274,281206.3821234644,646109.6489767687,0.7644444444444445,0.7298611111111111,9,13,True,0.0
2026-03-10 00:00:00.000 UTC,2959468.1692396393,1056759.3825863556,1132697.8392168554,0.8120827160493828,0.7811635802469136,23,49,True,0.0
2026-03-11 00:00:00.000 UTC,793038.0086422556,217050.85024047896,377800.0583181349,0.7343980952380953,0.7103219047619048,12,39,True,0.0
2026-03-12 00:00:00.000 UTC,1850591.315985939,1500242.7858660212,158230.30745814892,0.8010696583850931,0.7662679983060418,16,92,True,0.0
2026-03-13 00:00:00.000 UTC,347637.3172804157,184825.31746286558,78711.14757219778,0.7914269666199814,0.7687572216386555,22,60,True,0.0
2026-03-14 00:00:00.000 UTC,7268825.3361212015,5566406.107628965,628592.149772974,0.6226666666666667,0.604,6,9,True,0.0
2026-03-15 00:00:00.000 UTC,7429375.806722199,4344356.6963361,1228401.1882495799,0.7966666666666667,0.7683333333333334,3,5,True,0.0
2026-03-16 00:00:00.000 UTC,1511182.1838298428,846767.7983748255,302771.76222817856,0.7978906031468531,0.7723383526774151,50,148,True,0.0
2026-03-17 00:00:00.000 UTC,1004142.7376861987,620319.6795207397,171738.22381154075,0.8256850793650794,0.8023604761904761,17,99,True,0.0
2026-03-18 00:00:00.000 UTC,2429494.3990562214,1562067.0397861062,424417.79032125865,0.8583333333333334,0.82675,18,31,True,0.0
2026-03-19 00:00:00.000 UTC,3246081.1478750277,2465547.6986755235,315275.0146694703,0.8636309523809524,0.8041269841269841,22,39,True,0.0
2026-03-20 00:00:00.000 UTC,1146330.8323551905,552529.8376852616,318849.8898806518,0.8546333333333334,0.7602666666666666,15,43,True,0.0
2026-03-21 00:00:00.000 UTC,10414667.327319236,7310624.505080321,1138579.3143370177,0.8436111111111111,0.8188888888888889,12,35,True,0.0
2026-03-22 00:00:00.000 UTC,3783192.8357223794,2425321.6376782865,597196.9373561427,0.8270944444444444,0.7925777777777778,21,43,True,0.0
2026-03-23 00:00:00.000 UTC,5474721.267134144,4301284.311378394,319516.05905194185,0.7136111111111111,0.4739583333333333,14,20,True,0.0
2026-03-24 00:00:00.000 UTC,4332183.392513377,2514973.824143791,734163.7422535425,0.39,0.374,5,5,True,0.0
2026-03-25 00:00:00.000 UTC,8084880.589304394,6984270.384359866,415382.9279916335,0.9076190476190477,0.8854761904761904,10,16,True,0.0
2026-03-26 00:00:00.000 UTC,8760164.21733379,5914718.147197341,2061307.26051151,0.8601406926406926,0.8380411255411255,16,33,True,0.0
2026-03-27 00:00:00.000 UTC,1249811.8182990176,934077.8647774686,173303.57516704182,0.780926923076923,0.7493283424908425,24,39,True,0.0
2026-03-28 00:00:00.000 UTC,7.5918787275,3.8173533199999996,3.2430938925,0.95,0.93,2,4,True,0.0
2026-03-29 00:00:00.000 UTC,605905.5140598202,252858.45515285627,259156.71578226014,0.643,0.62125,11,21,True,0.0
2026-03-30 00:00:00.000 UTC,392980.7542237,288210.60405258,64686.88265579376,0.8725,0.8462500000000001,4,6,True,0.0
