time_bucket,avg_total_collateral_base,avg_total_debt_base,avg_available_borrows_base,avg_current_liquidation_threshold,avg_ltv,sampled_user_count,account_data_call_count,borrow_amount_value_usd,collateralization_ratio,borrow_capacity_utilization,remaining_borrow_capacity,risk_buffer,ltv_utilization,distance_to_liquidation,debt_expansion_ratio,capital_efficiency,overcollateral_margin,has_sampled_borrow_position
2025-04-01 00:00:00.000 UTC,57710201.601852305,27325907.014394872,20525661.1168826,0.8307187844009999,0.8025457585458551,147,272,1873048249.7238586,2.1119226370583584,0.5710556222405948,0.3556678117066878,0.028173025855144807,0.966085965089306,0.033914034910694,0.4735021929557391,32.45610304129903,30384294.587457433,1
2025-04-08 00:00:00.000 UTC,73118974.34344402,37163779.01428381,22462022.546848465,0.8466213763492441,0.8199229074029135,83,597,2243339221.1208797,1.9674795266471934,0.6232835121919673,0.3071982717009002,0.026698468946330545,0.9684646883575533,0.03153531164244672,0.5082645010818042,30.680671347819878,35955195.329160206,1
2025-04-15 00:00:00.000 UTC,58398838.4715403,38351797.62614937,10922890.71992174,0.8500955274159374,0.8224149186138717,47,721,1754465126.0253162,1.5227145032628737,0.7783265387046803,0.18703952006245514,0.027680608802065687,0.967438237339976,0.032561762660023974,0.6567219251259505,30.042808589083933,20047040.84539093,1
2025-04-22 00:00:00.000 UTC,68937799.13149783,44639232.955323614,13038442.765417077,0.8632675981847863,0.8365133469638774,55,349,3067906619.6471395,1.5443320722041305,0.7739429926312288,0.18913343520796827,0.02675425122090891,0.9690081600685978,0.0309918399314022,0.6475291279632374,44.50253211297264,24298566.176174216,1
2025-04-29 00:00:00.000 UTC,62317750.97357401,39418807.1286836,12389339.724899702,0.8460929808286951,0.8189157235621521,27,153,2482046424.2032447,1.580914175564377,0.7608611680337917,0.1988091600121036,0.027177257266542965,0.9678791127188828,0.03212088728111717,0.63254540661134,39.82888319021273,22898943.844890416,1
2025-05-06 00:00:00.000 UTC,53920137.793827824,34926280.48990029,10425152.493647171,0.8783861444144092,0.8529720394458482,117,742,3515650094.3954163,1.543827084862931,0.7701251800041424,0.19334432218087777,0.025414104968561002,0.9710672747627369,0.02893272523726309,0.6477409353708711,65.20105916342537,18993857.303927533,1
2025-05-13 00:00:00.000 UTC,41205273.72118242,26300664.890133243,8579006.914677799,0.6598357570773524,0.6351259997057036,60,134,3391765698.555216,1.5667008379183858,0.7540399186469846,0.20820167274529192,0.02470975737164882,0.9625516545494638,0.03744834545053621,0.6382839504500815,82.3138737411568,14904608.831049178,1
2025-05-20 00:00:00.000 UTC,37363811.73020077,25520078.68971849,6703000.5613516625,0.8338878669889008,0.8041699145447653,45,288,3415294102.976893,1.464094691261821,0.7919813774119974,0.17939819978093133,0.029717952444135554,0.9643621719171372,0.035637828082862755,0.6830159319395908,91.40646911611395,11843733.040482279,1
2025-05-27 00:00:00.000 UTC,97654895.24750727,68424734.66069666,17049761.19938037,0.8556573369565217,0.8272085597826088,32,464,4107270748.6909695,1.427187050585678,0.8005280870297139,0.17459197673775173,0.02844877717391292,0.9667521378650219,0.0332478621349781,0.7006790032109861,42.059035937533416,29230160.58681062,1
2025-06-03 00:00:00.000 UTC,113762707.43720946,95333511.07746054,7943798.966382282,0.8166207301587302,0.7928083492063493,32,131,3656900476.1083617,1.1933128881068358,0.9230828246493832,0.06982779458520541,0.023812380952380807,0.9708403423119661,0.029159657688033858,0.8380031842164025,32.14498457789221,18429196.359748915,1
2025-06-10 00:00:00.000 UTC,8881662.658915129,6953124.271542117,1018792.1249747484,0.8448468995859214,0.8168069772256729,47,306,4732176926.634408,1.2773628533098669,0.8722023570869503,0.1147073655124829,0.028039922360248548,0.966810646551474,0.03318935344852603,0.7828629096335689,532.8030469480171,1928538.3873730116,1
2025-06-17 00:00:00.000 UTC,21099049.22373321,6927828.432756739,9616743.554457748,0.7861848873607413,0.7576181467514542,59,257,5733421717.423802,3.045550193473458,0.41873724132062823,0.45579037484022644,0.0285667406092871,0.9636640934358495,0.03633590656415053,0.32834789659450575,271.73839240938776,14171220.79097647,1
2025-06-24 00:00:00.000 UTC,12529741.93820328,7271949.116416326,3238409.2874969956,0.8373870833333333,0.8089539583333334,31,79,5966070262.749009,1.7230238740144042,0.6918840287795287,0.25845778017367305,0.028433124999999948,0.9660454220444648,0.03395457795553525,0.5803750110961261,476.15268472197454,5257792.821786955,1
2025-07-01 00:00:00.000 UTC,31810356.792928457,13285195.299460014,11531514.47346162,0.7601858194444445,0.7304084861111111,44,76,7448269435.887583,2.394421465089144,0.5353326617840349,0.3625081777147848,0.029777333333333433,0.9608288755569063,0.039171124443093674,0.41763741871682986,234.14605137479492,18525161.49346844,1
2025-07-08 00:00:00.000 UTC,27806617.668902252,12036470.052677574,9733291.069710346,0.7908835701932476,0.7609778771586836,76,171,8652600505.52145,2.310197055050748,0.5528985818911594,0.3500350594813855,0.02990569303456403,0.9621869840749673,0.03781301592503272,0.4328635073851019,311.1705497068834,15770147.616224678,1
2025-07-15 00:00:00.000 UTC,32065263.40402599,14250116.127381971,11050283.057077356,0.8155479995806663,0.7869278363796697,126,260,9849618287.43366,2.2501755857562276,0.5632368099604946,0.34461850251602566,0.028620163200996585,0.9649068317061505,0.03509316829384945,0.44440976354470807,307.1740956351221,17815147.27664402,1
2025-07-22 00:00:00.000 UTC,32032599.385359462,14485863.80169959,11242105.781335715,0.8215632980115123,0.7999508411826269,71,243,6387503991.443119,2.2113006047731276,0.5630395261059149,0.3509582736664803,0.02161245682888535,0.9736934976511299,0.02630650234887011,0.452222550765592,199.40635833514452,17546735.583659872,1
2025-07-29 00:00:00.000 UTC,52139454.60253782,21104947.66765782,19939238.218023192,0.8109610375912504,0.7875933732107137,80,207,8138463929.365375,2.470484903520452,0.5142006647772408,0.38242130398219926,0.023367664380536723,0.971185219391126,0.02881478060887399,0.4047788345417515,156.09031570056442,31034506.93488,1
2025-08-05 00:00:00.000 UTC,63974745.71929161,19415316.58078892,30464488.40856289,0.7780349529609768,0.7514844344271518,135,359,8278580647.572581,3.2950658029750275,0.3892420306160709,0.47619553725520025,0.02655051853382495,0.9658749026213008,0.034125097378699176,0.3034840758254741,129.4038851502019,44559429.13850269,1
2025-08-12 00:00:00.000 UTC,31744938.913402073,8236191.444958204,16659625.482579796,0.8586081279789135,0.835045356904601,196,566,8501936868.533499,3.8543226108269715,0.33082631788828387,0.524796268407574,0.023562771074312483,0.9725570137219908,0.02744298627800923,0.2594489618463575,267.8202308634512,23508747.46844387,1
2025-08-19 00:00:00.000 UTC,29755867.32239965,7141402.608184163,16005624.126932444,0.7743352242097525,0.7503201172098342,150,270,6038653386.633087,4.166669904354495,0.30852353910966296,0.5378980875776292,0.02401510699991838,0.9689861622601155,0.03101383773988453,0.239999813509326,202.93992177090075,22614464.714215487,1
2025-08-26 00:00:00.000 UTC,48328023.9698207,14480153.69252735,23792104.14617854,0.8564604356636272,0.8308184143870315,68,92,3469062687.654508,3.3375352911316774,0.3783459484818566,0.4923045097195769,0.02564202127659565,0.9700604719040793,0.02993952809592071,0.2996222999220854,71.78159590842833,33847870.277293354,1
2025-09-02 00:00:00.000 UTC,114022024.41233064,31150069.414719887,57605870.40422574,0.8313761476190475,0.804552838095238,74,136,3540459508.6515226,3.660409962311346,0.35096320852737645,0.5052170464533173,0.026823309523809513,0.9677362531982329,0.032263746801767135,0.27319344289199654,31.050663474000274,82871954.99761075,1
2025-09-09 00:00:00.000 UTC,83197668.73005357,39111121.0315304,25770633.528994605,0.833040612778928,0.8043646716126064,84,336,4676946438.310481,2.1272125813776013,0.6028061555432438,0.30975187072381816,0.02867594116632166,0.96557677893919,0.03442322106080997,0.4700987615221754,56.214873682163926,44086547.69852317,1
2025-09-16 00:00:00.000 UTC,135808353.7136871,81289833.5035036,30334488.669883072,0.8210054513888889,0.7942519791666666,87,185,5201333942.29932,1.6706683709449808,0.7282448118899719,0.2233624651237186,0.026753472222222352,0.9674137703020562,0.03258622969794378,0.5985628371203134,38.29907218568336,54518520.21018349,1
2025-09-23 00:00:00.000 UTC,83017393.76808798,42433547.07934165,22002140.83295517,0.813244853048737,0.7852935647091004,113,255,7027163171.709431,1.9564094798123577,0.6585410733427383,0.2650304934218837,0.02795128833963656,0.9656299228518309,0.03437007714816909,0.5111404388082967,84.64687763313864,40583846.68874633,1
2025-09-30 00:00:00.000 UTC,63506899.89519743,40518051.48300494,11749789.04853753,0.8096287397119342,0.777523158436214,94,190,4225510703.4903135,1.5673729997069337,0.7752004113993041,0.1850159442190955,0.03210558127572016,0.9603453043340046,0.03965469566599544,0.6380102248711566,66.53624583255494,22988848.412192486,1
2025-10-07 00:00:00.000 UTC,45544732.82194201,23571160.57686094,11865010.141203454,0.821118294067969,0.7919327457949458,158,433,4419527287.755706,1.9322227547273099,0.6651723394267599,0.2605133328499244,0.02918554827302322,0.9644563414505933,0.035543658549406665,0.5175386727816109,97.03706694326061,21973572.24508107,1
2025-10-14 00:00:00.000 UTC,58627470.84795054,30453013.90561704,14636107.89562919,0.7722806852869353,0.7448834661172161,87,142,2891821055.457352,1.925177948877393,0.6753960309951156,0.24964590291789518,0.027397219169719156,0.9645242724676716,0.035475727532328416,0.5194325026333896,49.325359147032735,28174456.9423335,1
2025-10-21 00:00:00.000 UTC,71138680.50845295,40903130.8124328,14928454.198320895,0.814986966854284,0.7841876860537835,60,109,3183114548.8668413,1.739198909605957,0.7326163282764491,0.20985002943015008,0.030799280800500428,0.9622088670701316,0.037791132929868354,0.5749773614028805,44.74520086844473,30235549.69602015,1
2025-10-28 00:00:00.000 UTC,33335678.654443376,17268754.718001097,8431440.192959089,0.8441521103521104,0.8196534080784081,71,195,2680395969.9369326,1.9304043168610172,0.6719308852648666,0.252925410049669,0.02449870227370221,0.9709783320171013,0.029021667982898736,0.5180261934070244,80.4062217458308,16066923.936442278,1
2025-11-04 00:00:00.000 UTC,25836549.875875976,12543901.51546841,7314274.644252002,0.8156777724127724,0.7879797731435232,150,272,3328497413.9722576,2.059690108696712,0.6316744002358078,0.28309796313328445,0.027697999269249207,0.9660429642610971,0.03395703573890285,0.48550992975965657,128.82902051407925,13292648.360407567,1
2025-11-11 00:00:00.000 UTC,8277637.636710781,4050295.819588597,2401677.1063706563,0.7929094557265651,0.7644449620691808,84,146,2959175908.3927417,2.043711868322638,0.6277608207704026,0.29014040137724506,0.02846449365738435,0.9641012054380137,0.0358987945619863,0.4893057654065213,357.49039016506237,4227341.817122184,1
2025-11-18 00:00:00.000 UTC,11114353.767679224,5054435.423806928,3527663.246145994,0.8075383773478062,0.7766113511968876,144,374,2003652190.4461179,2.1989308074507066,0.5889509801959263,0.31739706328266365,0.03092702615091858,0.9617020973634813,0.038297902636518666,0.4547664695094854,180.27608553119668,6059918.343872296,1
2025-11-25 00:00:00.000 UTC,10660737.31501779,5815652.864118099,2979368.779793468,0.7913265052552553,0.7654218260305761,71,174,2835982255.8561416,1.833111013346979,0.6612437239587736,0.2794711746247071,0.025904679224679206,0.9672642341023024,0.032735765897697555,0.5455206982659243,266.02121148422736,4845084.45089969,1
2025-12-02 00:00:00.000 UTC,7814164.05235942,2013866.8785625673,3761971.1662329906,0.814019034123771,0.7794526769283349,71,106,2281227660.6869993,3.8801790404025693,0.34867093968765367,0.4814297653626936,0.034566357195436104,0.9575361806709543,0.04246381932904575,0.25772006641638107,291.93495880064125,5800297.173796853,1
2025-12-09 00:00:00.000 UTC,26399932.225911167,16814645.134825,5105002.522109732,0.8323881912868276,0.8020557695082696,78,158,2670717006.090142,1.5700558658376902,0.7671038055899289,0.19337180407983182,0.030332421778557994,0.963559764427141,0.036440235572859025,0.6369200114203951,101.16378266565663,9585287.091086168,1
2025-12-16 00:00:00.000 UTC,2165748.9533296735,1089603.497001467,554516.8777968347,0.8226770114942529,0.797084781701891,50,222,1760455463.6951005,1.9876486807262492,0.6627273244120815,0.25603931468802393,0.025592229792361865,0.9688915219037445,0.0311084780962555,0.5031070177022525,812.862202236568,1076145.4563282065,1
2025-12-23 00:00:00.000 UTC,11276936.572175551,4204741.072122334,4872194.21103924,0.8300793859649123,0.8035521929824562,24,42,1630621133.601917,2.681957432989695,0.46323356297609153,0.43204944710434723,0.026527192982456094,0.968042583117975,0.031957416882025025,0.37286199538419085,144.59788109700585,7072195.500053218,1
2025-12-30 00:00:00.000 UTC,17341014.335119516,8643401.120959789,6387714.685342376,0.857052619047619,0.8307106462585034,52,93,1392257209.7963576,2.006272078831153,0.5750338985037845,0.36835876851827487,0.026341972789115542,0.9692644626436269,0.030735537356373133,0.4984368822909584,80.28695339791737,8697613.214159727,1
2026-01-06 00:00:00.000 UTC,7492676.80068576,3677785.8123944183,2802671.410535855,0.8354593970814131,0.8104636213517665,102,188,1636957507.3001058,2.0372792715211605,0.5675194952882401,0.37405475841148567,0.02499577572964662,0.9700813997460958,0.02991860025390425,0.49085072134137864,218.4743251103911,3814890.9882913413,1
2026-01-13 00:00:00.000 UTC,14536709.179258004,9646551.323421666,3099596.35984489,0.8531986305708181,0.8265141491147742,106,190,2520477961.227544,1.5069332751035196,0.7568209284194853,0.21322545024616793,0.026684481456043962,0.9687241862563807,0.03127581374361932,0.6635993885869329,173.38710777979506,4890157.855836337,1
2026-01-20 00:00:00.000 UTC,20828380.223157573,12184240.65892107,5810538.707095958,0.8230825027685493,0.7949364064230344,78,122,3387137959.7541394,1.709452464557767,0.6770986412831987,0.27897218337869784,0.028146096345514904,0.9658040399949681,0.03419596000503189,0.5849826308324395,162.62128516303082,8644139.564236503,1
2026-01-27 00:00:00.000 UTC,8652788.616273273,5059087.949668449,2087103.556501899,0.7897844817736781,0.7613526111711496,261,499,3985387666.656588,1.710345560772538,0.7079418380126256,0.24120588738024754,0.028431870602528497,0.9640004694208768,0.035999530579123196,0.5846771687168965,460.5899720191109,3593700.6666048234,1
2026-02-03 00:00:00.000 UTC,10535027.594820129,4370585.59708359,3894614.142795188,0.7851588215745978,0.755105424054157,333,677,3441457533.1166277,2.4104384551694755,0.5287937054921907,0.3696823864714028,0.030053397520440783,0.9617231613596723,0.038276838640327715,0.41486228277489495,326.66810809387215,6164441.997736539,1
2026-02-10 00:00:00.000 UTC,6679619.4638090385,3581499.282836032,1539273.8858089566,0.8011912835179346,0.7695646920392379,127,185,2568401829.2655478,1.865034427291506,0.6994059617336525,0.2304433499765852,0.03162659147869662,0.960525542240265,0.039474457759735015,0.5361831317249456,384.51319617553816,3098120.1809730064,1
2026-02-17 00:00:00.000 UTC,15032337.97877364,8214212.997937378,4510753.226963034,0.8227029210168917,0.7902273756472286,80,132,2097418482.4096632,1.8300399542291297,0.6455194342177253,0.3000699713732107,0.03247554536966313,0.960525793041403,0.03947420695859705,0.5464361571391109,139.52709720678948,6818124.980836263,1
2026-02-24 00:00:00.000 UTC,14203254.738182137,8259124.729899322,4479601.133623248,0.8229783535636476,0.7937267351384999,118,198,2551921746.024419,1.7197045937282114,0.6483477875561623,0.31539257840534857,0.029251618425147674,0.9644563939033356,0.035543606096664404,0.5814952193807094,179.67161703888706,5944130.008282815,1
2026-03-03 00:00:00.000 UTC,5128459.698152217,2934589.0734012523,1629654.90680503,0.7226348512205691,0.6964102909055891,104,176,2333067889.366681,1.7475904018848614,0.642951841778761,0.3177669325142975,0.026224560314979994,0.9637098040999749,0.036290195900025135,0.5722164638358344,454.9256553984981,2193870.624750965,1
2026-03-10 00:00:00.000 UTC,2411850.5849719625,1454398.7963143466,472449.97549424943,0.775364148129953,0.7483059915528556,132,402,2528499525.575041,1.6583144809277448,0.7548069249613221,0.19588691705781666,0.027058156577097425,0.9651026467468774,0.0348973532531226,0.6030219307019195,1048.3649117113257,957451.7886576159,1
2026-03-17 00:00:00.000 UTC,3516798.791450986,2438998.437717766,435559.513961859,0.8289185482804232,0.7568571891534391,119,310,2956120452.341561,1.441902847113648,0.8484777411750011,0.12385113274625323,0.07206135912698408,0.91306581415451,0.08693418584548995,0.6935280015583338,840.5713910979546,1077800.3537332201,1
2026-03-24 00:00:00.000 UTC,4315837.599506072,3180046.0611079065,664961.4299846597,0.7818199917729329,0.7584291549137138,72,124,1748652200.5067582,1.3571619770823267,0.8270584825842018,0.15407471079559654,0.023390836859219166,0.970081557001151,0.02991844299884905,0.7368317245004419,405.17099176921846,1135791.5383981653,1
